,kine_135610_0,kine_135610_1,kine_135610_2,kine_135610_3,kine_135610_4,kine_135610_5,kine_135610_6,kine_135610_7,kine_135610_8,kine_135610_10,kine_135610_11,kine_135610_12,kine_135610_13,kine_135610_14,kine_135610_15,kine_135610_16,kine_135610_17,kine_135610_18,kine_135610_19,kine_135610_20,kine_135610_21,kine_135610_22,kine_135610_23,kine_135610_24,kine_135610_25,kine_135610_26,kine_135610_27,kine_135610_28,kine_135610_29,kine_135610_30,kine_135610_31,kine_135610_33,kine_135610_34,kine_135610_35,kine_135610_36,kine_135610_37,kine_135610_38,kine_135610_39,kine_135610_40,kine_135610_41,kine_135610_42,kine_135610_43,kine_135610_44,kine_135610_45,kine_135610_46,kine_135610_47,kine_135610_48,kine_135610_49,kine_135610_50,kine_135610_51,kine_135610_52,kine_135610_53,kine_135610_54,kine_135610_55,kine_135610_56,kine_135610_57,kine_135610_58,kine_135610_59,kine_135610_60,kine_135610_61,kine_135610_62,kine_135610_63,kine_135610_64,kine_135610_65,kine_135610_66,kine_135610_67,kine_135610_68,kine_135610_69,kine_135610_70,kine_135610_71,kine_135610_72,kine_135610_73,kine_135610_74,kine_135610_75,kine_135610_76,kine_135610_77,kine_135610_78,kine_135610_79,kine_135610_80,kine_135610_81,kine_135610_82,kine_135610_83,kine_135610_84,kine_135610_85,kine_135610_86,kine_135610_87,kine_135610_88,kine_135610_89,kine_135610_90,kine_135610_91,kine_135610_92,kine_135610_93,kine_135610_94,kine_135610_95,kine_135610_96,kine_135610_97,kine_135610_98,kine_135610_99,kine_135610_100,kine_135610_101,kine_135610_102,kine_135610_103,
Wavelength [nm],Absorbance,absorbance,absorbance,absorbance,absorbance,absorbance,absorbance,absorbance,absorbance,absorbance,absorbance,absorbance,absorbance,absorbance,absorbance,absorbance,absorbance,absorbance,absorbance,absorbance,absorbance,absorbance,absorbance,absorbance,absorbance,absorbance,absorbance,absorbance,absorbance,absorbance,absorbance,absorbance,absorbance,absorbance,absorbance,absorbance,absorbance,absorbance,absorbance,absorbance,absorbance,absorbance,absorbance,absorbance,absorbance,absorbance,absorbance,absorbance,absorbance,absorbance,absorbance,absorbance,absorbance,absorbance,absorbance,absorbance,absorbance,absorbance,absorbance,absorbance,absorbance,absorbance,absorbance,absorbance,absorbance,absorbance,absorbance,absorbance,absorbance,absorbance,absorbance,absorbance,absorbance,absorbance,absorbance,absorbance,absorbance,absorbance,absorbance,absorbance,absorbance,absorbance,absorbance,absorbance,absorbance,absorbance,absorbance,absorbance,absorbance,absorbance,absorbance,absorbance,absorbance,absorbance,absorbance,absorbance,absorbance,absorbance,absorbance,absorbance,absorbance,absorbance,
500.000,0.60875,0.60273,0.59554,0.59042,0.58418,0.57935,0.57421,0.56904,0.56504,0.55984,0.55609,0.55173,0.54808,0.54497,0.54157,0.53721,0.53491,0.5317,0.52938,0.52633,0.52343,0.52143,0.51843,0.5167,0.51504,0.51265,0.51057,0.50861,0.50695,0.50483,0.50428,0.50186,0.50007,0.50009,0.50009,0.49798,0.49665,0.49548,0.49548,0.49464,0.49367,0.49255,0.49147,0.4906,0.4895,0.48861,0.4875,0.48734,0.48644,0.48566,0.48517,0.48431,0.48344,0.48259,0.48181,0.48201,0.48121,0.48067,0.48054,0.47963,0.47945,0.47893,0.47862,0.4783,0.47782,0.47799,0.47829,0.47793,0.47766,0.47659,0.47651,0.47642,0.4761,0.47696,0.47616,0.47544,0.47606,0.47605,0.47546,0.47537,0.47487,0.4752,0.47479,0.47449,0.47447,0.47499,0.47272,0.4712,0.47091,0.4704,0.47113,0.47062,0.47073,0.47043,0.47118,0.47137,0.47113,0.47168,0.47133,0.47185,0.47217,0.47095,
501.000,0.61873,0.61235,0.60589,0.60031,0.59473,0.58978,0.58516,0.58021,0.57526,0.57167,0.56754,0.56361,0.55956,0.55613,0.55296,0.54972,0.54645,0.54363,0.54081,0.53888,0.53621,0.53414,0.53178,0.5296,0.52753,0.52441,0.52404,0.52156,0.52072,0.51825,0.51655,0.51565,0.51409,0.5122,0.5122,0.51151,0.51018,0.5099,0.5099,0.50746,0.50741,0.50571,0.50541,0.50386,0.50344,0.503,0.50136,0.50145,0.50088,0.49992,0.4995,0.4984,0.4982,0.49766,0.49627,0.49614,0.49625,0.49539,0.49536,0.49485,0.49454,0.49441,0.49367,0.4935,0.49355,0.49334,0.49348,0.49277,0.49312,0.49223,0.49124,0.4916,0.49226,0.4924,0.49181,0.49188,0.49151,0.49108,0.49168,0.49033,0.49128,0.4918,0.49116,0.49046,0.49081,0.49115,0.48783,0.48609,0.48596,0.48634,0.48576,0.4861,0.4866,0.48623,0.48678,0.48648,0.48707,0.48766,0.48723,0.48747,0.48765,0.48787,
502.000,0.63255,0.6256,0.61982,0.61496,0.61025,0.6039,0.59951,0.59456,0.59034,0.58575,0.58224,0.57828,0.57469,0.57136,0.56785,0.56499,0.56161,0.55887,0.55662,0.55417,0.55203,0.54932,0.54648,0.54494,0.54269,0.54154,0.53963,0.53754,0.53594,0.53443,0.53218,0.5317,0.53013,0.52926,0.52926,0.52883,0.5266,0.52555,0.52555,0.52482,0.52427,0.52255,0.52134,0.52149,0.51947,0.51871,0.51826,0.51798,0.51731,0.51645,0.51614,0.51531,0.51491,0.51449,0.51298,0.51323,0.5129,0.51222,0.51246,0.51154,0.51149,0.50984,0.5103,0.51011,0.50982,0.50931,0.50947,0.5091,0.50937,0.50908,0.50909,0.50845,0.50855,0.5084,0.50874,0.50752,0.50787,0.5079,0.50735,0.5065,0.50711,0.50751,0.50669,0.50672,0.50669,0.50688,0.50427,0.50275,0.50246,0.50231,0.50263,0.50274,0.50382,0.50304,0.50296,0.50258,0.50326,0.50323,0.50408,0.5031,0.50345,0.50411,
503.000,0.64437,0.6385,0.63193,0.62676,0.62041,0.61567,0.6112,0.60653,0.6024,0.59788,0.59432,0.59003,0.58634,0.58279,0.57969,0.57666,0.57394,0.57189,0.56869,0.56603,0.56353,0.56081,0.55936,0.55737,0.55508,0.55347,0.55104,0.54957,0.54781,0.54655,0.54546,0.54334,0.54286,0.54128,0.54128,0.53945,0.53832,0.5379,0.5379,0.53649,0.536,0.53472,0.53392,0.53252,0.53179,0.53183,0.5305,0.5298,0.52789,0.5272,0.52792,0.52707,0.52616,0.52523,0.52486,0.52457,0.52367,0.52384,0.52253,0.52184,0.52184,0.52161,0.5213,0.52042,0.52009,0.51965,0.52008,0.51916,0.51979,0.51929,0.51836,0.51844,0.51812,0.51803,0.51777,0.51748,0.51754,0.51694,0.51658,0.51705,0.5167,0.51601,0.51615,0.51624,0.51542,0.51552,0.51392,0.51345,0.51347,0.51367,0.51301,0.51326,0.51379,0.51312,0.5127,0.51275,0.51218,0.51239,0.51228,0.51196,0.51221,0.51252,
504.000,0.65022,0.64423,0.6385,0.63269,0.62696,0.62225,0.61731,0.61258,0.60726,0.60333,0.59964,0.59575,0.59249,0.58827,0.58521,0.58215,0.5798,0.57715,0.5738,0.57088,0.56869,0.56659,0.56371,0.56231,0.55937,0.55795,0.55589,0.55473,0.55223,0.55145,0.54976,0.54841,0.54655,0.54476,0.54476,0.54398,0.54316,0.54151,0.54151,0.54047,0.53846,0.5379,0.53748,0.53682,0.53517,0.53368,0.53387,0.53274,0.53172,0.53104,0.53062,0.52983,0.52919,0.52774,0.52731,0.52635,0.52568,0.52496,0.5246,0.52464,0.52399,0.5234,0.52272,0.52189,0.52174,0.52165,0.52083,0.52052,0.52017,0.52007,0.51923,0.51835,0.51837,0.51799,0.51695,0.51741,0.51744,0.51689,0.51543,0.51608,0.51591,0.51531,0.51525,0.51518,0.51408,0.51475,0.51413,0.51416,0.51531,0.51395,0.51332,0.51317,0.51346,0.51296,0.51239,0.51265,0.51203,0.51254,0.51172,0.51171,0.5115,0.51075,
505.000,0.65095,0.64508,0.63851,0.63279,0.62697,0.62169,0.61642,0.61114,0.60533,0.60209,0.59816,0.5941,0.58967,0.58611,0.58282,0.57934,0.57683,0.5731,0.57124,0.56845,0.565,0.56269,0.56038,0.55878,0.55621,0.55469,0.55206,0.55022,0.54896,0.54726,0.54555,0.54327,0.54301,0.54121,0.54121,0.53872,0.53792,0.53612,0.53612,0.53515,0.53319,0.53287,0.53148,0.53038,0.52968,0.52866,0.52728,0.52698,0.52655,0.52443,0.52397,0.52322,0.52265,0.52121,0.52107,0.52031,0.5193,0.51902,0.51792,0.518,0.51626,0.51584,0.51433,0.51457,0.51459,0.51373,0.51281,0.51203,0.51152,0.51094,0.51012,0.50977,0.50971,0.50868,0.50797,0.50835,0.50693,0.50714,0.50663,0.50546,0.50584,0.50504,0.50489,0.50484,0.50388,0.50408,0.50566,0.50561,0.50566,0.50556,0.50449,0.50427,0.50374,0.50359,0.50368,0.50217,0.50244,0.50201,0.50174,0.50045,0.50069,0.49999,
506.000,0.64621,0.63919,0.63202,0.62598,0.62007,0.61366,0.60855,0.60347,0.59877,0.59354,0.58953,0.58587,0.58068,0.57783,0.57326,0.57052,0.56616,0.56336,0.56102,0.55808,0.55502,0.55362,0.54986,0.54772,0.54588,0.54369,0.54166,0.53976,0.53773,0.53486,0.53289,0.53144,0.53006,0.52855,0.52855,0.52646,0.52588,0.52422,0.52422,0.52277,0.52072,0.51966,0.51855,0.51701,0.51584,0.51499,0.51442,0.5132,0.51249,0.5108,0.50999,0.50914,0.50782,0.50716,0.5069,0.50669,0.50527,0.50429,0.50357,0.50289,0.50128,0.50042,0.50009,0.49938,0.49861,0.49808,0.49786,0.49639,0.49576,0.49514,0.49465,0.49402,0.49364,0.49208,0.49232,0.49165,0.49148,0.48975,0.4896,0.48917,0.48913,0.48853,0.48849,0.48782,0.48675,0.48715,0.4884,0.49043,0.4894,0.48909,0.48891,0.48813,0.48732,0.48762,0.48651,0.48618,0.4856,0.48576,0.48459,0.48447,0.48343,0.48222,
507.000,0.63733,0.63039,0.62318,0.61614,0.60971,0.60418,0.59708,0.59242,0.58699,0.58196,0.57686,0.57309,0.56798,0.56413,0.56059,0.558,0.55343,0.55006,0.54755,0.54408,0.54175,0.53817,0.53585,0.53365,0.53039,0.5287,0.5264,0.52422,0.52177,0.52002,0.51753,0.51615,0.51422,0.51273,0.51273,0.51132,0.50927,0.50854,0.50854,0.50643,0.5057,0.50377,0.50233,0.50086,0.49958,0.49904,0.49722,0.49513,0.49598,0.49404,0.49253,0.49159,0.49157,0.49024,0.48917,0.48859,0.48749,0.48616,0.48616,0.48459,0.48327,0.48324,0.48256,0.48147,0.48122,0.47976,0.47934,0.47867,0.47786,0.47697,0.47619,0.47599,0.47518,0.47445,0.47396,0.47246,0.47249,0.47199,0.47148,0.47104,0.4704,0.47031,0.46969,0.46876,0.46904,0.46817,0.47014,0.47165,0.47148,0.47111,0.46956,0.47018,0.46906,0.46907,0.46887,0.46784,0.46732,0.46602,0.46555,0.46543,0.46509,0.4647,
508.000,0.62602,0.61908,0.61131,0.60461,0.59727,0.59015,0.58486,0.57867,0.57331,0.56807,0.56278,0.55873,0.55461,0.55002,0.54543,0.5417,0.53844,0.53527,0.5312,0.52813,0.52524,0.52251,0.51956,0.51752,0.51424,0.51273,0.50992,0.50719,0.50437,0.50221,0.50151,0.49806,0.49754,0.49549,0.49549,0.49394,0.4916,0.48993,0.48993,0.4882,0.48721,0.4857,0.48411,0.48232,0.48089,0.48072,0.47919,0.47862,0.47705,0.47595,0.47513,0.47344,0.47312,0.47175,0.47154,0.47072,0.4699,0.46797,0.46724,0.46663,0.46565,0.46513,0.464,0.46385,0.46373,0.46165,0.4611,0.46061,0.46034,0.45973,0.4593,0.4581,0.45715,0.45631,0.45587,0.45554,0.4543,0.45399,0.45397,0.45288,0.4532,0.45253,0.45169,0.45138,0.45121,0.45007,0.45194,0.4532,0.45338,0.45316,0.45116,0.4519,0.45084,0.45069,0.4497,0.44928,0.44855,0.44834,0.44793,0.4474,0.44755,0.44652,
509.000,0.61755,0.60989,0.60213,0.59519,0.58682,0.58045,0.57502,0.56806,0.56267,0.55701,0.55243,0.54759,0.54332,0.5379,0.53435,0.53046,0.52575,0.52207,0.51858,0.51581,0.51261,0.50941,0.50687,0.50362,0.50155,0.49908,0.49666,0.49414,0.49197,0.48912,0.48718,0.4856,0.48444,0.48225,0.48225,0.48066,0.47798,0.47752,0.47752,0.47604,0.47337,0.47254,0.47127,0.46984,0.46907,0.46801,0.46604,0.46458,0.4648,0.46297,0.46184,0.46105,0.46009,0.45855,0.45762,0.45734,0.4561,0.45531,0.45426,0.45386,0.45354,0.45191,0.45184,0.45084,0.45086,0.4493,0.4492,0.44765,0.44854,0.44737,0.44725,0.44575,0.44626,0.44475,0.44439,0.4442,0.44337,0.44325,0.44263,0.44274,0.44138,0.44152,0.44106,0.44165,0.44097,0.44082,0.44069,0.44147,0.44044,0.44014,0.43958,0.43986,0.43912,0.43821,0.43899,0.43807,0.43778,0.43722,0.4374,0.43637,0.43674,0.43625,
510.000,0.61536,0.60708,0.59959,0.59207,0.58468,0.57826,0.57177,0.56464,0.56002,0.55292,0.54827,0.5439,0.53898,0.53449,0.53041,0.52606,0.52274,0.51862,0.51478,0.51185,0.50954,0.5061,0.50278,0.50079,0.49849,0.4945,0.49242,0.49043,0.48826,0.48553,0.48369,0.48244,0.48041,0.4785,0.4785,0.47705,0.47466,0.47329,0.47329,0.47155,0.47139,0.4688,0.46825,0.46711,0.46531,0.46446,0.46356,0.4619,0.46141,0.46061,0.45922,0.45862,0.45751,0.4567,0.45542,0.45554,0.45418,0.45303,0.45262,0.45214,0.45138,0.45073,0.45016,0.44984,0.44966,0.44863,0.44883,0.44712,0.44756,0.44618,0.44645,0.44586,0.4456,0.44485,0.4453,0.44502,0.44445,0.44352,0.44355,0.44374,0.44307,0.44302,0.44265,0.4427,0.44239,0.44225,0.44015,0.44017,0.43959,0.43935,0.43891,0.43963,0.43948,0.43929,0.4382,0.43895,0.43859,0.43843,0.43864,0.43845,0.43852,0.43809,
511.000,0.61828,0.61028,0.60265,0.5955,0.58756,0.58066,0.57421,0.5684,0.56293,0.55717,0.55238,0.54778,0.54275,0.53835,0.53437,0.52978,0.52631,0.52246,0.51952,0.51623,0.51192,0.50965,0.50635,0.50336,0.5014,0.49977,0.4971,0.49464,0.49351,0.49043,0.48855,0.48756,0.48511,0.48368,0.48368,0.48319,0.4802,0.47902,0.47902,0.47743,0.47662,0.47507,0.47383,0.47228,0.47104,0.46979,0.46979,0.46853,0.46778,0.46664,0.46629,0.4656,0.46444,0.46395,0.46284,0.46198,0.46097,0.46054,0.46041,0.45908,0.45918,0.45841,0.45799,0.459,0.45756,0.458,0.45671,0.45661,0.45625,0.4562,0.45539,0.45599,0.45554,0.45506,0.45603,0.45502,0.45427,0.45407,0.45397,0.454,0.4539,0.45368,0.45395,0.45389,0.45347,0.4532,0.45008,0.44889,0.44928,0.4487,0.44836,0.44908,0.44877,0.44916,0.4493,0.44924,0.44875,0.44877,0.4491,0.45003,0.44979,0.45032,
512.000,0.62942,0.62037,0.61328,0.60589,0.59921,0.59293,0.58641,0.58083,0.57472,0.56874,0.56449,0.55931,0.55503,0.5502,0.54655,0.54304,0.53933,0.53517,0.53234,0.5288,0.52576,0.52269,0.52084,0.51797,0.51614,0.51357,0.51084,0.50849,0.5073,0.50527,0.50354,0.50137,0.50003,0.49816,0.49816,0.49672,0.49526,0.49311,0.49311,0.49261,0.49158,0.48984,0.48926,0.48783,0.48799,0.48705,0.48569,0.48521,0.48377,0.48284,0.48244,0.48186,0.48047,0.48031,0.47951,0.4792,0.47779,0.47773,0.47705,0.47727,0.47617,0.47598,0.47547,0.47592,0.47499,0.47505,0.47502,0.47445,0.47378,0.47445,0.47388,0.47462,0.47387,0.4738,0.47386,0.4734,0.47389,0.47224,0.47353,0.47325,0.47309,0.47303,0.47301,0.47309,0.47311,0.4718,0.47062,0.46672,0.46764,0.46783,0.46751,0.46815,0.46767,0.46757,0.46732,0.46809,0.46837,0.46801,0.46885,0.4691,0.4688,0.46967,
513.000,0.64242,0.63372,0.62717,0.62055,0.61304,0.60639,0.60068,0.59411,0.58871,0.58408,0.57853,0.57446,0.56979,0.56528,0.56183,0.55853,0.55482,0.55154,0.54791,0.54494,0.542,0.53905,0.53705,0.53402,0.53234,0.52987,0.52747,0.52559,0.52301,0.52247,0.52069,0.5186,0.51703,0.51538,0.51538,0.5148,0.51262,0.51142,0.51142,0.51041,0.50852,0.50858,0.50707,0.5065,0.50549,0.50425,0.5031,0.50224,0.50134,0.50119,0.50013,0.50051,0.49919,0.49884,0.49771,0.49776,0.49729,0.49713,0.4961,0.49629,0.49526,0.49484,0.49458,0.49393,0.49435,0.49426,0.49318,0.49292,0.49269,0.49356,0.49303,0.4924,0.49219,0.49279,0.49272,0.49246,0.49189,0.49147,0.49221,0.49216,0.49192,0.49148,0.49134,0.4916,0.49083,0.4911,0.48783,0.48642,0.48718,0.48655,0.48595,0.48613,0.48627,0.48556,0.48675,0.48723,0.48765,0.48792,0.48729,0.48708,0.48766,0.48825,
514.000,0.65764,0.64952,0.64199,0.63505,0.6283,0.6225,0.6163,0.61075,0.60556,0.60002,0.59504,0.59088,0.58579,0.58213,0.57884,0.57484,0.57158,0.56723,0.56478,0.56188,0.55891,0.55655,0.55374,0.55132,0.54905,0.54747,0.5447,0.54239,0.5409,0.53917,0.53753,0.5355,0.53473,0.53346,0.53346,0.53177,0.53059,0.52927,0.52927,0.52785,0.5273,0.52623,0.52554,0.52405,0.52343,0.52207,0.52138,0.51945,0.51979,0.51852,0.51802,0.51789,0.51665,0.51593,0.51606,0.51516,0.5142,0.51385,0.51313,0.51279,0.51289,0.51132,0.51108,0.51135,0.51125,0.51099,0.50988,0.51065,0.51031,0.5102,0.50971,0.50915,0.50943,0.50895,0.50932,0.50871,0.50858,0.50851,0.50771,0.50781,0.50783,0.50755,0.50719,0.50742,0.50648,0.50698,0.5047,0.50363,0.50369,0.50366,0.50362,0.50236,0.50337,0.50244,0.50369,0.50391,0.50335,0.50325,0.50373,0.50344,0.50341,0.50316,
515.000,0.67077,0.66191,0.65437,0.64724,0.63947,0.634,0.62823,0.6229,0.61746,0.61194,0.60737,0.60252,0.59795,0.59389,0.59024,0.5865,0.58301,0.57995,0.57652,0.57356,0.57065,0.56815,0.56495,0.5637,0.5606,0.5583,0.55593,0.55403,0.55288,0.55091,0.54873,0.54747,0.54598,0.54399,0.54399,0.54266,0.54175,0.54034,0.54034,0.53928,0.53847,0.53677,0.53543,0.53391,0.53355,0.53232,0.53188,0.53138,0.52943,0.52937,0.52898,0.52801,0.52694,0.52517,0.52548,0.52485,0.52454,0.52412,0.52313,0.52283,0.523,0.52196,0.52103,0.52066,0.52057,0.52002,0.51993,0.51898,0.51834,0.51829,0.51808,0.51819,0.5172,0.51683,0.51641,0.51699,0.51559,0.51614,0.51509,0.51529,0.51487,0.51428,0.51518,0.51372,0.51402,0.51339,0.51299,0.51256,0.51227,0.51213,0.51161,0.51153,0.51219,0.51135,0.51104,0.51218,0.51095,0.51155,0.51083,0.51034,0.51064,0.51017,
516.000,0.67663,0.66814,0.6603,0.65336,0.64587,0.64023,0.63388,0.62807,0.62137,0.61636,0.61126,0.60689,0.60279,0.59849,0.59421,0.59081,0.58808,0.58427,0.58059,0.57734,0.57433,0.57216,0.56918,0.56726,0.56376,0.56219,0.56076,0.55897,0.55625,0.55382,0.55277,0.54963,0.54905,0.54723,0.54723,0.54576,0.54398,0.54244,0.54244,0.54128,0.53955,0.53859,0.53813,0.53686,0.53554,0.53425,0.53319,0.53151,0.53079,0.53053,0.52923,0.52883,0.52684,0.52697,0.52615,0.52605,0.52429,0.52383,0.52374,0.52267,0.5219,0.52182,0.52105,0.52001,0.51996,0.5194,0.51868,0.5177,0.5176,0.5168,0.51622,0.51552,0.51562,0.5152,0.51482,0.51388,0.51336,0.5127,0.51301,0.51226,0.51272,0.51161,0.51097,0.51115,0.51016,0.50994,0.51131,0.51153,0.51117,0.51038,0.51012,0.50926,0.50977,0.50948,0.50874,0.50905,0.50788,0.50818,0.50791,0.50732,0.50636,0.50744,
517.000,0.67598,0.66873,0.65965,0.6518,0.64417,0.63784,0.6314,0.62518,0.61906,0.61308,0.6091,0.60402,0.59978,0.59498,0.59063,0.58646,0.58349,0.57928,0.57566,0.57228,0.57017,0.56662,0.56423,0.56214,0.5589,0.55665,0.55406,0.55207,0.54947,0.54784,0.54549,0.54383,0.54262,0.54047,0.54047,0.53864,0.53679,0.53545,0.53545,0.53496,0.53294,0.53154,0.53024,0.52874,0.52729,0.52638,0.52512,0.52348,0.52278,0.52163,0.52041,0.52018,0.51932,0.51865,0.51724,0.51613,0.51584,0.51479,0.51359,0.51349,0.51241,0.51272,0.5105,0.50964,0.50969,0.50838,0.5083,0.50689,0.50681,0.50552,0.50579,0.5053,0.50328,0.5035,0.50222,0.50182,0.50159,0.50046,0.50109,0.50016,0.49973,0.49884,0.49904,0.49848,0.49738,0.49654,0.49942,0.50072,0.50014,0.49931,0.49953,0.49829,0.49729,0.49752,0.49726,0.49713,0.4963,0.49518,0.49524,0.49361,0.49445,0.49341,
518.000,0.67158,0.66257,0.65421,0.64529,0.63832,0.62984,0.62357,0.61639,0.61106,0.60512,0.59966,0.59536,0.58994,0.58544,0.58073,0.5766,0.57349,0.56791,0.56528,0.56205,0.55863,0.55571,0.55267,0.54959,0.54656,0.54443,0.54188,0.53986,0.53756,0.53489,0.53277,0.53164,0.52896,0.5272,0.5272,0.5249,0.52304,0.5228,0.5228,0.51974,0.51834,0.517,0.51508,0.51545,0.51371,0.51151,0.51096,0.5092,0.50758,0.50641,0.50611,0.50424,0.50305,0.50219,0.50191,0.50076,0.49978,0.49877,0.49767,0.49712,0.49653,0.49499,0.49512,0.49348,0.49287,0.49142,0.49098,0.49013,0.48906,0.48874,0.48727,0.48701,0.48601,0.48576,0.48504,0.48412,0.48255,0.4823,0.48285,0.48264,0.48186,0.48128,0.48075,0.48008,0.47882,0.47816,0.48142,0.48356,0.48261,0.48154,0.48154,0.48115,0.48023,0.47919,0.47805,0.47814,0.47767,0.47748,0.47667,0.47607,0.47525,0.47489,
519.000,0.66225,0.65314,0.64431,0.63568,0.62694,0.61906,0.61202,0.60472,0.59889,0.59226,0.58663,0.58167,0.57563,0.57079,0.56657,0.56175,0.55783,0.55429,0.55011,0.54582,0.54222,0.53939,0.53662,0.53413,0.53063,0.52748,0.52546,0.5224,0.51949,0.51779,0.51529,0.51354,0.51049,0.5086,0.5086,0.50731,0.50439,0.50411,0.50411,0.50195,0.50007,0.49858,0.49641,0.49484,0.49353,0.49153,0.49107,0.48983,0.48806,0.48775,0.48667,0.48509,0.48435,0.48278,0.48208,0.48109,0.48097,0.47968,0.47831,0.47759,0.47629,0.47539,0.4747,0.47328,0.47272,0.47165,0.46999,0.46996,0.46844,0.46837,0.46736,0.46621,0.46604,0.46577,0.46511,0.46397,0.4629,0.46194,0.46257,0.46157,0.46141,0.46063,0.46017,0.45908,0.45882,0.45822,0.46024,0.46334,0.46252,0.46107,0.46006,0.45996,0.45858,0.45879,0.4582,0.45721,0.45654,0.45537,0.45547,0.45415,0.45599,0.45461,
520.000,0.65426,0.64396,0.63458,0.62482,0.6161,0.60804,0.60071,0.59301,0.58618,0.58067,0.57393,0.56867,0.56271,0.55777,0.55244,0.54818,0.54358,0.53923,0.5351,0.53185,0.52772,0.52481,0.52097,0.51829,0.51468,0.51236,0.50922,0.50638,0.50452,0.50176,0.49896,0.49697,0.49491,0.49286,0.49286,0.48986,0.48925,0.48741,0.48741,0.48555,0.48347,0.48154,0.47981,0.47929,0.47738,0.47534,0.47416,0.47288,0.47206,0.47066,0.46977,0.46837,0.46663,0.4651,0.46547,0.46359,0.46199,0.46111,0.46113,0.4603,0.4589,0.45841,0.45715,0.45637,0.45549,0.45511,0.45409,0.45289,0.45168,0.45078,0.45077,0.44929,0.44926,0.44904,0.44795,0.44757,0.44606,0.44577,0.44519,0.44555,0.44452,0.44428,0.44393,0.44365,0.44281,0.44251,0.44373,0.4457,0.44439,0.44421,0.44358,0.44343,0.4419,0.44168,0.44066,0.44076,0.4401,0.43989,0.43904,0.43885,0.43789,0.4386,
521.000,0.64467,0.63609,0.62469,0.6166,0.60752,0.59812,0.59015,0.58332,0.57531,0.56908,0.56215,0.55751,0.55095,0.54623,0.54059,0.53597,0.53133,0.52729,0.52297,0.51847,0.5152,0.51217,0.50883,0.50484,0.50245,0.49946,0.49624,0.49349,0.49071,0.48777,0.48596,0.48349,0.48138,0.47919,0.47919,0.4777,0.47613,0.47342,0.47342,0.47136,0.47036,0.46874,0.46583,0.46456,0.46429,0.46255,0.46094,0.46,0.45941,0.4582,0.45641,0.45449,0.45366,0.45251,0.45289,0.45141,0.44981,0.44903,0.44869,0.44814,0.44663,0.44561,0.44531,0.4446,0.44334,0.44316,0.44254,0.44105,0.4406,0.43967,0.43998,0.43927,0.43868,0.43799,0.43734,0.43633,0.43666,0.43568,0.43569,0.43527,0.43415,0.43388,0.4343,0.43321,0.43341,0.43245,0.43302,0.43336,0.43342,0.43244,0.43219,0.43144,0.43117,0.43117,0.4306,0.43016,0.42991,0.4294,0.42838,0.42886,0.42836,0.42886,
522.000,0.64281,0.63292,0.62223,0.61226,0.60386,0.59539,0.58765,0.57974,0.57285,0.56587,0.55859,0.55415,0.54789,0.54287,0.53703,0.53259,0.5275,0.52409,0.51875,0.5145,0.51175,0.50865,0.50473,0.50072,0.49784,0.49533,0.49257,0.48909,0.48765,0.48464,0.48242,0.48018,0.4768,0.47587,0.47587,0.47412,0.47194,0.47062,0.47062,0.46913,0.46743,0.46579,0.46454,0.46264,0.46162,0.46025,0.45908,0.45766,0.45625,0.45554,0.4544,0.45299,0.45178,0.45131,0.44994,0.44947,0.44807,0.4482,0.44688,0.44593,0.44618,0.4451,0.4444,0.44412,0.44334,0.44306,0.44174,0.44091,0.44093,0.44044,0.44007,0.43988,0.43935,0.43867,0.43872,0.43863,0.43849,0.43802,0.43715,0.43679,0.43763,0.43684,0.43612,0.43663,0.43496,0.43531,0.43401,0.4328,0.43267,0.4332,0.43226,0.43267,0.43266,0.43267,0.43205,0.4317,0.43193,0.4324,0.43174,0.43203,0.43118,0.43125,
523.000,0.64608,0.6364,0.62577,0.61603,0.60652,0.59986,0.59104,0.58423,0.57637,0.57023,0.56356,0.55813,0.55214,0.54634,0.54186,0.53678,0.53187,0.52776,0.52296,0.51978,0.51618,0.51191,0.50917,0.50588,0.50287,0.50034,0.49767,0.49518,0.49318,0.49023,0.48821,0.48551,0.48339,0.48226,0.48226,0.48032,0.47872,0.47705,0.47705,0.47576,0.4742,0.47314,0.47199,0.47,0.46906,0.46803,0.46607,0.46557,0.4639,0.4633,0.46232,0.46143,0.46117,0.4601,0.4588,0.45839,0.4572,0.45736,0.45633,0.45534,0.45406,0.45458,0.45381,0.45346,0.45349,0.45375,0.45352,0.45227,0.45206,0.45123,0.45105,0.45116,0.45102,0.4505,0.45023,0.45119,0.45108,0.45001,0.44992,0.4503,0.44985,0.44911,0.44889,0.44854,0.44804,0.44907,0.44617,0.44428,0.44404,0.44406,0.44388,0.44457,0.44358,0.44459,0.44425,0.44453,0.44463,0.44501,0.44447,0.44547,0.44536,0.44495,
524.000,0.65792,0.64854,0.63822,0.62883,0.62004,0.61256,0.60419,0.59649,0.58973,0.58398,0.57719,0.57056,0.56551,0.56046,0.55545,0.55154,0.5472,0.54282,0.53944,0.53573,0.5309,0.52858,0.52514,0.52133,0.51921,0.51607,0.51365,0.51107,0.50982,0.50777,0.50542,0.50299,0.50122,0.49923,0.49923,0.49845,0.49656,0.49541,0.49541,0.49316,0.49185,0.49129,0.4897,0.48806,0.48749,0.48582,0.48498,0.48483,0.48408,0.48336,0.48295,0.48141,0.48005,0.47881,0.4784,0.47876,0.47819,0.4771,0.47608,0.47597,0.47575,0.47538,0.47471,0.47455,0.47471,0.47508,0.4739,0.47417,0.47402,0.47344,0.47378,0.47296,0.47341,0.47294,0.47248,0.47362,0.47288,0.47312,0.47227,0.47184,0.47208,0.47149,0.47214,0.47218,0.47319,0.47234,0.46814,0.46574,0.4652,0.46535,0.4663,0.46637,0.46627,0.46702,0.46761,0.46752,0.46742,0.46822,0.46738,0.46833,0.46808,0.46864,
525.000,0.67336,0.66234,0.65332,0.64525,0.63647,0.62725,0.61997,0.61314,0.60626,0.60045,0.59538,0.59008,0.58355,0.57837,0.57398,0.56901,0.56548,0.56139,0.55732,0.5539,0.55092,0.54754,0.54403,0.54068,0.53826,0.53691,0.53424,0.53171,0.52915,0.52755,0.52529,0.52352,0.52121,0.52066,0.52066,0.51981,0.51736,0.51601,0.51601,0.51528,0.51396,0.5129,0.51133,0.50988,0.50921,0.50833,0.50719,0.50649,0.50585,0.50495,0.50456,0.50355,0.50208,0.50249,0.50144,0.50086,0.49969,0.50003,0.49913,0.49828,0.49786,0.49804,0.49726,0.49747,0.49829,0.49769,0.49682,0.49721,0.49618,0.4965,0.49606,0.4964,0.49651,0.49621,0.49676,0.49626,0.49713,0.49547,0.4951,0.49507,0.49507,0.49528,0.49606,0.49578,0.49442,0.49505,0.49229,0.48945,0.48864,0.48889,0.48978,0.48973,0.48993,0.48987,0.49132,0.49069,0.49081,0.4904,0.49135,0.49178,0.492,0.49198,
526.000,0.69,0.6792,0.66926,0.66155,0.65327,0.64473,0.63731,0.63031,0.62466,0.6185,0.61255,0.60743,0.60103,0.59681,0.59185,0.58836,0.58341,0.58071,0.57644,0.57309,0.56995,0.5663,0.56375,0.56102,0.55863,0.5565,0.55377,0.55186,0.55014,0.54757,0.54549,0.54405,0.54205,0.54084,0.54084,0.53957,0.53828,0.53607,0.53607,0.53527,0.53406,0.53218,0.53132,0.53024,0.52916,0.52862,0.52766,0.52767,0.52603,0.52521,0.52404,0.52332,0.52269,0.52221,0.52132,0.52118,0.52089,0.52018,0.51957,0.51863,0.51879,0.51869,0.51806,0.51787,0.51714,0.51753,0.51674,0.51584,0.51617,0.51593,0.51585,0.51601,0.51512,0.5152,0.51488,0.51589,0.51523,0.51467,0.51384,0.51404,0.51416,0.5145,0.51409,0.51445,0.51362,0.51349,0.51082,0.50956,0.50986,0.50956,0.50995,0.50895,0.51006,0.50982,0.50952,0.50924,0.50972,0.51002,0.51038,0.50958,0.51017,0.51057,
527.000,0.70361,0.69336,0.68444,0.67481,0.66634,0.65881,0.65187,0.64383,0.63818,0.63209,0.62707,0.62154,0.61538,0.6115,0.60622,0.60257,0.59915,0.5944,0.59129,0.58724,0.58411,0.5816,0.57838,0.5764,0.57382,0.57149,0.56858,0.56711,0.56416,0.56211,0.55992,0.55895,0.55577,0.55466,0.55466,0.55368,0.55192,0.5514,0.5514,0.54964,0.54833,0.54596,0.54548,0.54437,0.54331,0.54218,0.54233,0.54042,0.54047,0.53816,0.53731,0.53736,0.53564,0.5353,0.53427,0.53373,0.53315,0.53254,0.53228,0.53164,0.53087,0.53036,0.53094,0.53009,0.52966,0.52894,0.52818,0.52865,0.52776,0.5269,0.52782,0.52708,0.52649,0.52659,0.5257,0.52586,0.52547,0.52571,0.52405,0.52389,0.5245,0.52428,0.52374,0.52335,0.52304,0.52315,0.52163,0.52173,0.52175,0.52112,0.52145,0.52077,0.52093,0.51986,0.52006,0.52055,0.51927,0.52016,0.51988,0.5199,0.52005,0.51905,
528.000,0.71161,0.70251,0.69318,0.68428,0.67561,0.66713,0.65992,0.65287,0.64584,0.64043,0.63398,0.62872,0.62282,0.61874,0.6143,0.60951,0.60571,0.60134,0.59762,0.59413,0.59096,0.58846,0.58453,0.58264,0.58001,0.57652,0.57436,0.57153,0.56986,0.56747,0.56645,0.56394,0.56233,0.56002,0.56002,0.55839,0.55749,0.55609,0.55609,0.55417,0.55245,0.55147,0.55095,0.54875,0.54736,0.54659,0.54513,0.54445,0.54363,0.54307,0.54125,0.54078,0.53977,0.53882,0.53821,0.53716,0.53685,0.53535,0.53425,0.53422,0.53484,0.5339,0.53269,0.53145,0.53161,0.53036,0.5304,0.52955,0.52891,0.52848,0.52766,0.52732,0.52678,0.52673,0.52575,0.52553,0.52494,0.52508,0.52429,0.52323,0.5233,0.52325,0.52203,0.52183,0.522,0.52158,0.52169,0.52334,0.52217,0.52155,0.52148,0.52154,0.52165,0.52092,0.52004,0.5197,0.51901,0.51996,0.51906,0.51869,0.51824,0.51816,
529.000,0.71331,0.70358,0.69376,0.68424,0.67565,0.66818,0.66005,0.65372,0.6456,0.63944,0.63355,0.62753,0.62193,0.61732,0.61284,0.60789,0.60371,0.59978,0.5956,0.59164,0.58832,0.58567,0.58154,0.57848,0.57607,0.57294,0.57108,0.56789,0.56683,0.56303,0.5606,0.55957,0.55743,0.55567,0.55567,0.55272,0.55248,0.54966,0.54966,0.54901,0.5473,0.54524,0.5434,0.54286,0.54153,0.54079,0.53868,0.5371,0.53622,0.53525,0.53468,0.5338,0.53204,0.53122,0.5306,0.52944,0.52824,0.52813,0.52612,0.52559,0.52491,0.52487,0.52357,0.52312,0.52243,0.5217,0.52096,0.52011,0.51899,0.51748,0.51744,0.51664,0.51625,0.51608,0.51521,0.51502,0.51362,0.51292,0.51308,0.51233,0.51138,0.51126,0.51038,0.51091,0.51001,0.50889,0.51071,0.5135,0.51203,0.51204,0.51168,0.51061,0.5101,0.50991,0.50937,0.50871,0.50831,0.50715,0.50657,0.50585,0.50657,0.50542,
530.000,0.71055,0.70071,0.68926,0.67866,0.67038,0.66153,0.65223,0.64595,0.63837,0.63232,0.62511,0.61893,0.61372,0.6074,0.60262,0.59821,0.59314,0.58854,0.58525,0.58078,0.57765,0.57349,0.57058,0.56715,0.56474,0.5615,0.55881,0.55602,0.55318,0.55125,0.54847,0.54574,0.54358,0.54199,0.54199,0.54027,0.5385,0.53624,0.53624,0.53442,0.53201,0.53072,0.52933,0.52785,0.52712,0.52556,0.52308,0.52199,0.52196,0.51975,0.51796,0.51625,0.51604,0.51511,0.51503,0.51408,0.51301,0.51176,0.51064,0.50854,0.50878,0.5077,0.50627,0.50586,0.50496,0.50383,0.50224,0.50221,0.50123,0.50023,0.49937,0.49911,0.49784,0.49673,0.49612,0.49523,0.49505,0.49345,0.49414,0.49352,0.4922,0.49251,0.49202,0.4911,0.4899,0.48966,0.49231,0.49519,0.49369,0.49382,0.49275,0.49259,0.49172,0.49086,0.49012,0.48953,0.48911,0.48837,0.48663,0.48679,0.48601,0.48601,
531.000,0.70278,0.69091,0.67938,0.66894,0.65947,0.64981,0.64251,0.63318,0.62569,0.61859,0.61197,0.60424,0.59897,0.59436,0.58782,0.58374,0.57861,0.57402,0.57005,0.56544,0.56135,0.55682,0.55438,0.55127,0.54749,0.54503,0.54154,0.53782,0.53593,0.53276,0.53054,0.5269,0.52572,0.52316,0.52316,0.52169,0.51898,0.51703,0.51703,0.51484,0.51314,0.51099,0.51018,0.50815,0.50643,0.5044,0.50431,0.50253,0.5011,0.5001,0.49793,0.49715,0.4962,0.49527,0.49422,0.49326,0.49115,0.49044,0.48878,0.48835,0.48787,0.4866,0.48529,0.48431,0.48283,0.48193,0.48072,0.47933,0.47847,0.47922,0.47736,0.47755,0.47643,0.47566,0.47393,0.47455,0.47257,0.47131,0.47211,0.47128,0.46958,0.4697,0.47023,0.46849,0.46756,0.46803,0.46988,0.47363,0.47195,0.47201,0.47085,0.46964,0.46923,0.46913,0.46809,0.46633,0.46587,0.46539,0.465,0.46445,0.46328,0.46337,
532.000,0.69225,0.67997,0.66852,0.65801,0.64546,0.636,0.62767,0.61884,0.61047,0.6035,0.59567,0.58974,0.58246,0.57777,0.57164,0.56649,0.56107,0.55626,0.55162,0.54745,0.54328,0.53905,0.53629,0.53246,0.52875,0.52489,0.52203,0.51852,0.517,0.51259,0.51053,0.50808,0.50655,0.50335,0.50335,0.50067,0.49897,0.4966,0.4966,0.49498,0.49229,0.4909,0.48993,0.48792,0.48616,0.48475,0.48348,0.48037,0.47914,0.47843,0.47705,0.47617,0.47501,0.47325,0.47306,0.47185,0.47053,0.46872,0.46815,0.46776,0.46569,0.46522,0.464,0.46305,0.4614,0.46073,0.45937,0.45849,0.45851,0.45744,0.45739,0.45623,0.45473,0.45429,0.45324,0.45211,0.45082,0.45093,0.45042,0.45027,0.44957,0.44939,0.4484,0.44715,0.44719,0.44656,0.44911,0.45209,0.45015,0.45002,0.44904,0.44874,0.44756,0.44771,0.4461,0.44556,0.44459,0.44445,0.4445,0.44358,0.44267,0.44226,
533.000,0.681,0.66916,0.65626,0.64562,0.63524,0.62596,0.61481,0.60637,0.59771,0.59003,0.58221,0.57516,0.56873,0.56302,0.55759,0.55126,0.54668,0.54085,0.53571,0.53212,0.52746,0.52281,0.51931,0.51649,0.512,0.50882,0.50551,0.50309,0.49951,0.4968,0.494,0.49162,0.48851,0.48598,0.48598,0.48412,0.48179,0.47938,0.47938,0.47777,0.47588,0.474,0.47223,0.47152,0.46957,0.46734,0.46565,0.46439,0.46303,0.46217,0.46121,0.4591,0.45835,0.45711,0.45544,0.4542,0.45304,0.45261,0.45206,0.45066,0.45003,0.449,0.44747,0.44667,0.44527,0.44556,0.44408,0.44274,0.44346,0.4423,0.44099,0.44063,0.43856,0.43905,0.43837,0.43822,0.43724,0.43673,0.43637,0.4362,0.43581,0.43568,0.43399,0.43383,0.43334,0.4331,0.43436,0.43541,0.43438,0.43377,0.43344,0.43285,0.4321,0.43193,0.43074,0.43099,0.4306,0.42938,0.42953,0.42879,0.42846,0.42779,
534.000,0.67448,0.66262,0.64987,0.63961,0.62735,0.61772,0.60748,0.59782,0.59051,0.58234,0.57461,0.56804,0.56055,0.55435,0.54874,0.54293,0.53727,0.53251,0.52668,0.523,0.51855,0.51531,0.51018,0.50694,0.5035,0.49916,0.49687,0.49399,0.4915,0.48822,0.4854,0.4829,0.48064,0.47847,0.47847,0.47648,0.47378,0.47144,0.47144,0.47035,0.46732,0.46677,0.46422,0.46281,0.46203,0.45999,0.45809,0.45763,0.45502,0.45512,0.45364,0.45274,0.45108,0.45017,0.44896,0.44828,0.44743,0.44684,0.44589,0.44515,0.44366,0.44292,0.44224,0.44135,0.44059,0.44066,0.4394,0.43967,0.43842,0.43756,0.437,0.43694,0.4366,0.43581,0.43529,0.43494,0.43453,0.43481,0.43434,0.43367,0.43278,0.43242,0.43233,0.43267,0.43171,0.43207,0.43043,0.43025,0.4288,0.42939,0.42911,0.42898,0.4286,0.42844,0.4283,0.42859,0.42848,0.42756,0.42747,0.42759,0.42749,0.42643,
535.000,0.67646,0.66311,0.65016,0.63938,0.62695,0.61837,0.60904,0.59867,0.59069,0.58246,0.57566,0.56923,0.56291,0.55617,0.54976,0.54412,0.53903,0.53449,0.5291,0.52465,0.52098,0.51666,0.51289,0.50968,0.50615,0.50324,0.50026,0.49676,0.49353,0.49098,0.48862,0.48603,0.48416,0.48218,0.48218,0.47965,0.47807,0.47582,0.47582,0.47436,0.47293,0.47141,0.46878,0.4674,0.46681,0.46561,0.46424,0.46306,0.46208,0.46072,0.45973,0.45853,0.45723,0.45716,0.45559,0.45435,0.45445,0.45404,0.45248,0.45238,0.45171,0.45151,0.45069,0.44927,0.44956,0.44915,0.44783,0.44788,0.44793,0.44764,0.44767,0.447,0.44599,0.44655,0.44599,0.44696,0.44572,0.44571,0.44532,0.44467,0.44467,0.44533,0.44409,0.44455,0.44399,0.44433,0.4418,0.43826,0.43893,0.44007,0.43925,0.43975,0.43951,0.43907,0.43941,0.44005,0.43926,0.43987,0.4399,0.43939,0.44038,0.43983,
536.000,0.68288,0.67145,0.65838,0.64772,0.63747,0.62721,0.6181,0.60928,0.60083,0.59424,0.58592,0.57934,0.57284,0.56701,0.56125,0.556,0.55102,0.54593,0.54069,0.5363,0.53292,0.5299,0.52598,0.52156,0.51875,0.51596,0.51349,0.51069,0.50725,0.5054,0.50367,0.5013,0.49895,0.49792,0.49792,0.49547,0.49406,0.49156,0.49156,0.48982,0.4881,0.48718,0.48617,0.48526,0.4834,0.48264,0.4813,0.4806,0.47906,0.47853,0.47746,0.47687,0.4762,0.47598,0.47343,0.4739,0.47298,0.47249,0.47115,0.47151,0.47151,0.47109,0.47017,0.47081,0.46951,0.46931,0.46912,0.46917,0.46933,0.46862,0.46852,0.46776,0.4684,0.46932,0.46871,0.46797,0.4677,0.46749,0.4678,0.46746,0.46679,0.468,0.4675,0.46699,0.4669,0.46686,0.46404,0.45901,0.46075,0.46144,0.46067,0.46013,0.46181,0.46156,0.46212,0.46207,0.46209,0.4623,0.46236,0.46281,0.46377,0.46382,
537.000,0.69594,0.68476,0.6727,0.66168,0.65181,0.6428,0.6344,0.6254,0.6177,0.61,0.60368,0.59659,0.59099,0.58502,0.57965,0.57401,0.5701,0.56453,0.56056,0.55704,0.55293,0.54931,0.54651,0.54219,0.53956,0.53818,0.5348,0.53231,0.52928,0.52722,0.52552,0.52304,0.52134,0.51979,0.51979,0.51759,0.51738,0.51586,0.51586,0.5132,0.51223,0.51074,0.5101,0.50866,0.50796,0.50695,0.50499,0.50442,0.50457,0.50267,0.50213,0.50205,0.50101,0.50143,0.49847,0.49875,0.49803,0.49747,0.49753,0.49705,0.49602,0.49655,0.49564,0.49567,0.49587,0.4957,0.49548,0.4955,0.4956,0.49519,0.49543,0.49589,0.49527,0.49517,0.49463,0.49564,0.49505,0.49462,0.49456,0.4948,0.49442,0.49468,0.49429,0.49452,0.49438,0.49524,0.49088,0.48242,0.48739,0.4882,0.48783,0.48847,0.48833,0.48875,0.4896,0.48969,0.49014,0.49037,0.48989,0.49072,0.49108,0.49077,
538.000,0.7132,0.70228,0.69053,0.68056,0.67077,0.66141,0.65279,0.64535,0.63697,0.63017,0.62364,0.61775,0.61135,0.60648,0.60146,0.59572,0.59138,0.58738,0.58341,0.57956,0.57598,0.57255,0.56915,0.56591,0.56334,0.56089,0.55907,0.5554,0.55406,0.55166,0.54997,0.54789,0.54547,0.54461,0.54461,0.54396,0.54169,0.53985,0.53985,0.53858,0.53785,0.53701,0.53553,0.53414,0.53258,0.53159,0.53136,0.53009,0.52922,0.52878,0.52814,0.52717,0.52652,0.52613,0.52534,0.52474,0.52427,0.52348,0.52345,0.52225,0.5221,0.52286,0.52213,0.52158,0.52219,0.52084,0.52081,0.52117,0.52127,0.52058,0.52068,0.52041,0.52104,0.52063,0.52069,0.52058,0.51992,0.52002,0.51936,0.52002,0.51955,0.51987,0.51959,0.51958,0.51929,0.5205,0.51625,0.5094,0.51366,0.51405,0.5144,0.51501,0.51452,0.51437,0.51481,0.51493,0.51554,0.51571,0.51589,0.51609,0.5166,0.51595,
539.000,0.73033,0.71855,0.70707,0.69725,0.68737,0.67901,0.67088,0.66195,0.65638,0.64903,0.64246,0.63545,0.63051,0.62549,0.62058,0.61405,0.61145,0.60617,0.60316,0.5992,0.59549,0.59179,0.58863,0.58624,0.58338,0.58139,0.57831,0.57603,0.57426,0.57155,0.56991,0.56846,0.56617,0.56456,0.56456,0.56376,0.56164,0.56021,0.56021,0.55927,0.55809,0.55669,0.55528,0.55477,0.55259,0.55197,0.55071,0.55052,0.54894,0.5483,0.54761,0.54767,0.54589,0.54577,0.54444,0.54458,0.54405,0.54321,0.54331,0.54206,0.54145,0.54099,0.54073,0.54041,0.54024,0.53969,0.53952,0.5398,0.53908,0.53921,0.53918,0.53862,0.53807,0.53859,0.53826,0.53819,0.53786,0.53732,0.53698,0.53618,0.53561,0.53661,0.53638,0.53584,0.53624,0.53604,0.5341,0.53165,0.53212,0.5325,0.53216,0.53248,0.53225,0.53264,0.53191,0.53259,0.53256,0.53263,0.53255,0.53248,0.53193,0.53289,
540.000,0.74318,0.73169,0.72002,0.7106,0.70081,0.69183,0.68383,0.67541,0.66853,0.66217,0.65449,0.64951,0.64335,0.63764,0.63275,0.6284,0.62333,0.61966,0.61517,0.6116,0.60815,0.60542,0.60125,0.59855,0.5962,0.59443,0.59104,0.58873,0.58634,0.58411,0.58252,0.58035,0.5785,0.57723,0.57723,0.57538,0.57312,0.57238,0.57238,0.57036,0.56877,0.56742,0.56666,0.56545,0.56397,0.56283,0.56227,0.5604,0.55999,0.55947,0.55852,0.55746,0.55591,0.55619,0.55492,0.55461,0.55397,0.55307,0.55276,0.55198,0.5511,0.55064,0.55075,0.54996,0.54877,0.54905,0.54915,0.54693,0.54722,0.54662,0.54624,0.5471,0.54542,0.54542,0.54527,0.54442,0.54405,0.54436,0.54345,0.54306,0.54283,0.5426,0.54275,0.54223,0.5413,0.54076,0.54176,0.54108,0.5404,0.54057,0.54008,0.54011,0.53979,0.53965,0.53964,0.53958,0.53931,0.53807,0.53787,0.53869,0.53814,0.53829,
541.000,0.75025,0.73847,0.72772,0.71672,0.7074,0.69718,0.68922,0.68077,0.67373,0.66723,0.66002,0.65416,0.64827,0.64243,0.63787,0.63279,0.62799,0.62327,0.61926,0.6161,0.61228,0.60849,0.60527,0.60208,0.59931,0.59651,0.59382,0.59112,0.58904,0.5856,0.58442,0.58254,0.58098,0.57905,0.57905,0.57618,0.57491,0.57338,0.57338,0.57147,0.57006,0.56858,0.56666,0.56517,0.5648,0.56299,0.56207,0.56063,0.55971,0.55897,0.55642,0.55628,0.55588,0.55547,0.55392,0.55279,0.55237,0.5516,0.5509,0.54987,0.54923,0.54887,0.54802,0.54668,0.54587,0.54543,0.54518,0.5446,0.54435,0.54319,0.54171,0.54077,0.54073,0.54016,0.53936,0.53889,0.53898,0.53776,0.5382,0.53699,0.53691,0.53711,0.53608,0.53537,0.53469,0.53551,0.53639,0.53702,0.53691,0.53555,0.53664,0.53568,0.53414,0.53472,0.53363,0.5331,0.53265,0.53311,0.53225,0.53196,0.53103,0.53105,
542.000,0.75066,0.73807,0.72719,0.71521,0.70558,0.69652,0.68712,0.67767,0.67084,0.66318,0.65694,0.65014,0.64337,0.63837,0.63332,0.62776,0.62332,0.61838,0.61451,0.60954,0.60624,0.60254,0.59933,0.59568,0.59233,0.58977,0.58664,0.5832,0.58128,0.57775,0.57596,0.57402,0.57185,0.56889,0.56889,0.56795,0.56524,0.56387,0.56387,0.56174,0.55987,0.55848,0.55694,0.55567,0.5543,0.55254,0.55126,0.54976,0.54879,0.54754,0.54677,0.54526,0.54352,0.54266,0.54274,0.54185,0.54091,0.53932,0.53813,0.53733,0.53612,0.53582,0.5343,0.53361,0.53296,0.53157,0.53054,0.5301,0.52906,0.52866,0.52849,0.52744,0.52595,0.52558,0.52521,0.52362,0.52364,0.52295,0.5225,0.52172,0.52087,0.52041,0.5196,0.51885,0.51927,0.51761,0.52135,0.52176,0.52234,0.52194,0.52143,0.52057,0.51984,0.51952,0.51754,0.51775,0.51704,0.51685,0.5157,0.51531,0.51443,0.51468,
543.000,0.74426,0.73211,0.71918,0.70797,0.69758,0.68732,0.67767,0.66884,0.66182,0.65221,0.64557,0.63832,0.63144,0.62592,0.61966,0.61455,0.60899,0.60475,0.59999,0.59616,0.59113,0.58773,0.58369,0.58032,0.57621,0.57357,0.57033,0.56706,0.5643,0.56139,0.55957,0.55639,0.55383,0.55158,0.55158,0.5491,0.54806,0.54539,0.54539,0.54406,0.54174,0.54013,0.5377,0.53659,0.53532,0.53317,0.53224,0.53045,0.52828,0.52742,0.52677,0.52541,0.5238,0.52217,0.52136,0.52068,0.51922,0.51854,0.5177,0.51623,0.51403,0.51389,0.5131,0.5115,0.51103,0.50981,0.50911,0.50756,0.50627,0.50594,0.50499,0.50466,0.50314,0.503,0.50138,0.50056,0.49983,0.49915,0.49914,0.49828,0.49635,0.49647,0.496,0.49503,0.49464,0.4947,0.49714,0.49941,0.5007,0.49907,0.49774,0.49693,0.49607,0.49571,0.4948,0.49406,0.49378,0.49336,0.4919,0.49076,0.4905,0.4902,
544.000,0.73397,0.71993,0.70808,0.69545,0.68417,0.67402,0.66422,0.65379,0.64518,0.63727,0.6292,0.62169,0.61508,0.60902,0.60249,0.59677,0.59127,0.58605,0.58109,0.57579,0.5718,0.56755,0.56346,0.56008,0.5559,0.55277,0.55001,0.54642,0.54369,0.54051,0.53727,0.53407,0.53197,0.52964,0.52964,0.52722,0.52534,0.52313,0.52313,0.52073,0.51923,0.51765,0.51541,0.51236,0.51181,0.50996,0.508,0.50717,0.50581,0.50372,0.50289,0.50051,0.49893,0.49829,0.49816,0.49619,0.49523,0.49335,0.49307,0.49176,0.49062,0.48942,0.48779,0.48755,0.48534,0.48499,0.4836,0.48297,0.48211,0.48137,0.48032,0.4797,0.47855,0.47727,0.47617,0.47493,0.47432,0.47416,0.47313,0.47239,0.47154,0.47095,0.47084,0.47005,0.46951,0.46917,0.47188,0.47316,0.47413,0.47322,0.47242,0.4713,0.47108,0.47014,0.46904,0.46833,0.46732,0.46773,0.46634,0.46555,0.46497,0.46502,
545.000,0.72066,0.70734,0.69325,0.68022,0.66879,0.65789,0.64648,0.63703,0.62762,0.61893,0.6099,0.6029,0.59573,0.58968,0.5829,0.57662,0.5706,0.56563,0.56001,0.55585,0.55068,0.54659,0.54207,0.53805,0.53379,0.53099,0.52735,0.52403,0.5206,0.518,0.51466,0.512,0.5088,0.50637,0.50637,0.50418,0.50159,0.50021,0.50021,0.49756,0.49522,0.4931,0.49089,0.48954,0.48771,0.48588,0.4847,0.48265,0.48137,0.48073,0.47811,0.47665,0.47633,0.47367,0.47348,0.47192,0.47057,0.46994,0.46845,0.46718,0.46603,0.46594,0.46404,0.46312,0.46219,0.46085,0.46015,0.45848,0.45817,0.45779,0.45622,0.45609,0.45468,0.45353,0.45251,0.4523,0.45153,0.45079,0.45121,0.44968,0.4493,0.44875,0.44787,0.44746,0.44673,0.4463,0.44847,0.44965,0.45045,0.44958,0.44868,0.44804,0.44686,0.44636,0.44567,0.44491,0.44464,0.44373,0.44286,0.44294,0.44141,0.44181,
546.000,0.70886,0.69595,0.68195,0.66776,0.65611,0.64532,0.63438,0.62341,0.61402,0.6049,0.59598,0.58894,0.58136,0.57456,0.56794,0.56106,0.55462,0.54902,0.54412,0.53963,0.5344,0.5305,0.5255,0.52159,0.51728,0.51372,0.51059,0.50716,0.50425,0.50119,0.49784,0.49471,0.492,0.49021,0.49021,0.48674,0.48536,0.48296,0.48296,0.4805,0.47848,0.47615,0.47451,0.47277,0.47119,0.46916,0.46753,0.46577,0.46464,0.46319,0.46166,0.4598,0.45908,0.45807,0.45669,0.45574,0.45531,0.45376,0.45223,0.45224,0.45035,0.44934,0.4483,0.44756,0.44686,0.44575,0.44479,0.44452,0.44359,0.44257,0.44213,0.44111,0.44153,0.43996,0.43955,0.43883,0.43818,0.43813,0.43696,0.43613,0.43522,0.43489,0.43494,0.43438,0.43385,0.43379,0.43421,0.43516,0.43515,0.43472,0.43351,0.43332,0.43315,0.43224,0.43197,0.43143,0.43103,0.43061,0.42998,0.42996,0.42984,0.42895,
547.000,0.70178,0.68673,0.67314,0.65947,0.64661,0.63523,0.6244,0.61458,0.6038,0.5956,0.58776,0.57873,0.57115,0.56484,0.55756,0.55197,0.54549,0.53947,0.53487,0.53029,0.52478,0.51988,0.51557,0.51176,0.50791,0.50411,0.50148,0.49784,0.49516,0.49113,0.48867,0.48618,0.48357,0.48031,0.48031,0.47847,0.47652,0.47408,0.47408,0.47243,0.47055,0.46902,0.46694,0.46518,0.46318,0.4619,0.46033,0.45927,0.45687,0.45684,0.45525,0.45445,0.45315,0.45234,0.45031,0.44994,0.44922,0.44771,0.44718,0.44613,0.44492,0.44446,0.44348,0.44261,0.44322,0.44146,0.44141,0.44044,0.44047,0.44036,0.43887,0.43914,0.43887,0.43718,0.43771,0.43719,0.43709,0.43637,0.43583,0.43597,0.43519,0.43498,0.43465,0.43422,0.4338,0.43387,0.43244,0.43187,0.43074,0.43066,0.4312,0.43094,0.42988,0.43008,0.43021,0.43005,0.43037,0.42976,0.42938,0.42929,0.42945,0.42902,
548.000,0.70135,0.68634,0.67181,0.65934,0.64689,0.63565,0.62441,0.61485,0.60522,0.59661,0.58799,0.58007,0.57335,0.56562,0.55996,0.55394,0.54769,0.54232,0.53736,0.53308,0.52734,0.52349,0.51957,0.51562,0.512,0.5088,0.50504,0.5025,0.49928,0.49641,0.49381,0.49147,0.48927,0.48683,0.48683,0.48495,0.48199,0.48085,0.48085,0.47852,0.47657,0.47484,0.47364,0.47239,0.47125,0.47044,0.4682,0.46755,0.46595,0.46445,0.4647,0.46302,0.46194,0.46107,0.45976,0.4593,0.45851,0.45802,0.45678,0.45606,0.45574,0.45586,0.45493,0.45445,0.45465,0.45393,0.45242,0.45294,0.4528,0.45234,0.45226,0.45231,0.45217,0.4519,0.45127,0.45171,0.45168,0.45115,0.45055,0.45141,0.45021,0.44992,0.45011,0.45011,0.4496,0.44946,0.44601,0.44443,0.44399,0.44404,0.44424,0.44436,0.44396,0.44525,0.44415,0.44525,0.44507,0.4441,0.44494,0.44526,0.44504,0.44522,
549.000,0.70783,0.69412,0.67976,0.66752,0.65605,0.6446,0.63394,0.6249,0.61555,0.60717,0.59924,0.59132,0.58336,0.57786,0.57179,0.56581,0.56037,0.55504,0.55001,0.54592,0.54113,0.53823,0.5337,0.52996,0.52673,0.52376,0.52046,0.51761,0.51518,0.51271,0.51105,0.50804,0.50632,0.50405,0.50405,0.50205,0.49971,0.49837,0.49837,0.49661,0.49497,0.49381,0.49249,0.49133,0.4896,0.48949,0.48796,0.4869,0.48591,0.48463,0.48407,0.48306,0.48242,0.48253,0.4809,0.47982,0.47902,0.47973,0.47888,0.47838,0.47782,0.47769,0.47769,0.47752,0.47661,0.47605,0.47642,0.4762,0.47642,0.4766,0.47597,0.47725,0.47683,0.47649,0.47608,0.47662,0.47538,0.47651,0.4763,0.47623,0.47578,0.47596,0.47588,0.47625,0.47561,0.47531,0.47185,0.46997,0.46799,0.46876,0.46893,0.46928,0.47005,0.46988,0.46971,0.46993,0.47006,0.47076,0.47103,0.47172,0.47254,0.47252,
550.000,0.72296,0.70802,0.69463,0.68361,0.67203,0.66072,0.65149,0.64246,0.63405,0.62588,0.61829,0.6118,0.60475,0.59853,0.59325,0.58709,0.5821,0.57686,0.5728,0.56948,0.56476,0.56061,0.55682,0.55381,0.55171,0.54825,0.54505,0.54311,0.54045,0.53816,0.53592,0.53438,0.53172,0.53036,0.53036,0.52866,0.5264,0.52567,0.52567,0.52354,0.52249,0.52156,0.52039,0.51964,0.51864,0.51698,0.51668,0.51528,0.51506,0.51361,0.51315,0.513,0.51169,0.51203,0.51026,0.50912,0.50976,0.50912,0.50953,0.50815,0.50791,0.50798,0.50845,0.50778,0.50768,0.50716,0.50717,0.50712,0.50743,0.50774,0.50764,0.50773,0.5071,0.50737,0.50755,0.50725,0.50718,0.50851,0.50814,0.50804,0.50762,0.5077,0.50714,0.50727,0.50799,0.50778,0.50449,0.50138,0.49924,0.49973,0.50032,0.50086,0.50194,0.50107,0.50169,0.50251,0.50273,0.50224,0.50326,0.50402,0.50462,0.50443,
551.000,0.74,0.72662,0.71315,0.7021,0.69188,0.68156,0.6724,0.66399,0.65582,0.64777,0.64142,0.63417,0.6287,0.62191,0.61602,0.61155,0.60727,0.60221,0.59739,0.59387,0.59018,0.58647,0.58301,0.57947,0.57792,0.57439,0.57234,0.56966,0.56769,0.56493,0.56359,0.56195,0.55966,0.5585,0.5585,0.55643,0.55459,0.55421,0.55421,0.55245,0.55077,0.54993,0.54886,0.54818,0.54694,0.54589,0.54484,0.54319,0.5438,0.5432,0.54207,0.54174,0.5412,0.54139,0.53931,0.53914,0.5382,0.53807,0.53834,0.53705,0.5377,0.53758,0.53632,0.53639,0.53621,0.53609,0.53643,0.53604,0.5365,0.53663,0.53614,0.53626,0.53629,0.53586,0.53603,0.53609,0.53616,0.53647,0.53552,0.53601,0.53541,0.53543,0.53556,0.53575,0.53517,0.53592,0.53317,0.53009,0.5284,0.52923,0.52888,0.52941,0.52974,0.53008,0.53063,0.53114,0.53097,0.53128,0.53126,0.53168,0.5316,0.53264,
552.000,0.75792,0.74632,0.73285,0.72277,0.71167,0.70242,0.69303,0.68519,0.67686,0.66991,0.6624,0.65622,0.6502,0.64442,0.63955,0.63374,0.62895,0.62436,0.62125,0.61852,0.61351,0.6096,0.60704,0.60412,0.60165,0.59822,0.59595,0.59348,0.59263,0.58959,0.58755,0.58587,0.58352,0.58222,0.58222,0.58066,0.57921,0.57736,0.57736,0.57698,0.57576,0.57443,0.57304,0.572,0.57039,0.56973,0.56877,0.56807,0.56716,0.56682,0.56558,0.5655,0.56482,0.56427,0.56241,0.56276,0.56247,0.56206,0.5613,0.56089,0.56034,0.56052,0.55949,0.56057,0.55988,0.55896,0.55819,0.55843,0.55797,0.55823,0.55833,0.5578,0.5578,0.55731,0.55773,0.55719,0.55686,0.55685,0.55707,0.55598,0.55625,0.55715,0.55635,0.55591,0.55608,0.55553,0.55438,0.5528,0.55099,0.55189,0.55189,0.551,0.55158,0.55194,0.55199,0.55233,0.55188,0.55165,0.55222,0.55268,0.55178,0.55193,
553.000,0.77343,0.76089,0.74881,0.73754,0.72816,0.71709,0.70929,0.70034,0.69288,0.68529,0.67849,0.67265,0.66619,0.66019,0.65508,0.65036,0.64495,0.64128,0.63743,0.63328,0.62941,0.62566,0.62295,0.61899,0.6167,0.61474,0.61192,0.60927,0.60659,0.60423,0.60303,0.60054,0.59989,0.59704,0.59704,0.59558,0.59373,0.59248,0.59248,0.59128,0.58939,0.58792,0.5873,0.58588,0.58489,0.58475,0.58301,0.5823,0.58044,0.57976,0.57938,0.57911,0.57769,0.57726,0.57602,0.5752,0.57443,0.57431,0.57295,0.57323,0.57315,0.57283,0.57125,0.57136,0.56965,0.57078,0.56981,0.56945,0.56893,0.5686,0.56771,0.56769,0.56698,0.56708,0.56735,0.56619,0.56558,0.56596,0.566,0.56506,0.56486,0.56445,0.56485,0.56348,0.56415,0.56367,0.56355,0.56218,0.56239,0.56203,0.56207,0.56185,0.56168,0.56178,0.56102,0.56095,0.56128,0.56081,0.56105,0.56067,0.56025,0.5598,
554.000,0.78311,0.77029,0.7589,0.74619,0.73544,0.72679,0.71678,0.70747,0.69974,0.69149,0.6847,0.67864,0.67194,0.66721,0.66164,0.65611,0.65198,0.64683,0.64276,0.6383,0.63447,0.63088,0.62761,0.62435,0.62143,0.61878,0.61533,0.61335,0.61091,0.60854,0.60642,0.6047,0.60201,0.59991,0.59991,0.59783,0.59678,0.59567,0.59567,0.59286,0.59237,0.59085,0.58917,0.58836,0.58628,0.58536,0.5838,0.58362,0.582,0.58065,0.57941,0.57889,0.57764,0.57662,0.57651,0.57535,0.5743,0.57336,0.57279,0.57289,0.57057,0.57088,0.56959,0.56915,0.56828,0.56816,0.56718,0.56701,0.56564,0.56537,0.56481,0.56468,0.56365,0.56369,0.56303,0.56171,0.56112,0.56073,0.56072,0.55985,0.55958,0.55944,0.55903,0.55861,0.55818,0.55722,0.55877,0.55952,0.55987,0.55876,0.55815,0.55877,0.55754,0.55669,0.55716,0.55608,0.55592,0.55582,0.55523,0.55415,0.55437,0.55394,
555.000,0.78645,0.77384,0.76035,0.74895,0.7379,0.72679,0.7178,0.70816,0.70033,0.6916,0.68364,0.6775,0.67135,0.66471,0.65942,0.65409,0.64954,0.64432,0.63985,0.63574,0.63148,0.62727,0.62341,0.61941,0.61737,0.61411,0.61054,0.60834,0.60563,0.60269,0.60089,0.5982,0.59607,0.594,0.594,0.5921,0.59007,0.58806,0.58806,0.58624,0.5839,0.58257,0.58169,0.5801,0.57865,0.5766,0.57543,0.57435,0.57312,0.57134,0.57017,0.56861,0.56787,0.56726,0.56628,0.56597,0.564,0.56296,0.56267,0.56104,0.56045,0.55959,0.55809,0.55784,0.55694,0.55643,0.55495,0.55432,0.55369,0.55268,0.55158,0.55104,0.55022,0.54984,0.54849,0.54811,0.54744,0.54691,0.54603,0.54598,0.54482,0.54426,0.5443,0.54371,0.54283,0.54287,0.54451,0.54641,0.54672,0.54605,0.5452,0.54371,0.54378,0.54287,0.54173,0.54196,0.5406,0.54097,0.54055,0.53971,0.53936,0.53814,
556.000,0.78279,0.76891,0.75521,0.7431,0.73215,0.71965,0.71021,0.70076,0.69155,0.68357,0.6752,0.6672,0.6609,0.654,0.64835,0.64268,0.63725,0.63149,0.62693,0.62238,0.61897,0.61426,0.61014,0.60676,0.60234,0.59943,0.59622,0.593,0.58993,0.58759,0.58399,0.58161,0.57973,0.57656,0.57656,0.57482,0.57208,0.57031,0.57031,0.5681,0.56673,0.56409,0.56243,0.56064,0.55867,0.55685,0.55565,0.55409,0.55316,0.55204,0.54934,0.54885,0.54736,0.54615,0.54563,0.54519,0.54369,0.54242,0.54123,0.53997,0.53889,0.5375,0.53629,0.53573,0.53433,0.53362,0.53297,0.53139,0.5309,0.53007,0.52931,0.52836,0.52692,0.5267,0.52467,0.5246,0.52392,0.5224,0.52213,0.52137,0.5201,0.51967,0.51953,0.51901,0.51799,0.51765,0.52075,0.52266,0.52457,0.52293,0.5222,0.52068,0.52044,0.51832,0.51717,0.51778,0.51693,0.51626,0.51546,0.51469,0.51272,0.51289,
557.000,0.77274,0.75807,0.74477,0.73134,0.71838,0.70656,0.69594,0.68581,0.67649,0.66698,0.65895,0.6507,0.64356,0.63696,0.63012,0.62432,0.61714,0.6125,0.60744,0.60209,0.59729,0.59298,0.58808,0.58553,0.58039,0.57606,0.57352,0.56998,0.56698,0.56346,0.56107,0.55778,0.55507,0.5532,0.5532,0.55021,0.54835,0.54554,0.54554,0.54358,0.54154,0.53897,0.53714,0.53524,0.53287,0.53101,0.53048,0.52824,0.52703,0.52492,0.52317,0.52228,0.52081,0.51906,0.5194,0.51746,0.51643,0.51527,0.51379,0.51255,0.51075,0.51037,0.50883,0.50762,0.50644,0.50547,0.50429,0.50333,0.50249,0.50099,0.5004,0.49937,0.49889,0.49735,0.49623,0.49588,0.4941,0.49379,0.49221,0.49232,0.49111,0.49137,0.49024,0.48932,0.48953,0.48836,0.49189,0.49314,0.49585,0.49371,0.49233,0.49117,0.4908,0.48981,0.4895,0.48862,0.48764,0.4869,0.48583,0.48468,0.48389,0.48344,
558.000,0.7604,0.74624,0.7309,0.7162,0.70311,0.69128,0.67945,0.66866,0.65893,0.64953,0.6398,0.63172,0.62353,0.61608,0.60959,0.60258,0.59668,0.59103,0.58615,0.58018,0.57471,0.57011,0.56592,0.56129,0.55762,0.55358,0.55104,0.54648,0.54276,0.54032,0.53604,0.53428,0.5315,0.52843,0.52843,0.52591,0.52273,0.52091,0.52091,0.51894,0.51616,0.51368,0.51117,0.50943,0.50787,0.50559,0.50365,0.50276,0.50091,0.49882,0.49751,0.49632,0.49513,0.49339,0.49373,0.49276,0.49029,0.48882,0.4867,0.48619,0.48394,0.48415,0.48229,0.48178,0.4804,0.47948,0.47769,0.47703,0.47598,0.47463,0.47413,0.47345,0.47298,0.47167,0.46988,0.46952,0.46802,0.46681,0.46637,0.46611,0.46449,0.46477,0.46478,0.46393,0.46346,0.46189,0.46544,0.46774,0.46872,0.46672,0.46613,0.46541,0.46514,0.46415,0.46327,0.46169,0.46171,0.46029,0.45961,0.45819,0.45755,0.45692,
559.000,0.74617,0.72953,0.71485,0.6997,0.68698,0.67369,0.66191,0.65081,0.64063,0.63119,0.62075,0.61189,0.60373,0.59665,0.58877,0.58222,0.57629,0.56994,0.5648,0.55838,0.55286,0.54811,0.54374,0.53896,0.53547,0.53074,0.52727,0.52364,0.51926,0.51666,0.51414,0.51047,0.50836,0.50532,0.50532,0.50237,0.49961,0.49683,0.49683,0.49418,0.49255,0.49067,0.48826,0.4858,0.48459,0.48234,0.48102,0.47894,0.47769,0.47551,0.4747,0.47226,0.47193,0.47089,0.47034,0.46859,0.46645,0.46483,0.46422,0.46366,0.46149,0.46172,0.46021,0.45892,0.45762,0.45618,0.45571,0.45499,0.45403,0.45307,0.45216,0.45193,0.45095,0.44947,0.44821,0.44813,0.44716,0.44702,0.44602,0.4456,0.44562,0.44412,0.44395,0.44324,0.44203,0.44239,0.44435,0.44475,0.44599,0.445,0.44366,0.44309,0.44236,0.44227,0.44155,0.44086,0.44028,0.43959,0.43892,0.43878,0.43769,0.43705,
560.000,0.73351,0.71775,0.7027,0.68719,0.67283,0.66099,0.64833,0.63678,0.62586,0.61518,0.60577,0.59744,0.58852,0.58185,0.57436,0.56762,0.56089,0.55483,0.54885,0.54334,0.53807,0.53312,0.52809,0.52431,0.51966,0.51634,0.51237,0.50829,0.50458,0.50235,0.49839,0.49524,0.49213,0.48972,0.48972,0.48771,0.48489,0.48183,0.48183,0.48064,0.47855,0.4755,0.47478,0.47191,0.47081,0.46875,0.46683,0.46569,0.4636,0.46247,0.46072,0.46001,0.45867,0.45803,0.45649,0.45505,0.45366,0.45305,0.45211,0.451,0.45061,0.44964,0.44847,0.44729,0.447,0.44571,0.44489,0.44438,0.44333,0.44279,0.44299,0.44199,0.44084,0.44119,0.43973,0.43911,0.43908,0.43867,0.43771,0.43715,0.43664,0.43636,0.43586,0.43562,0.43518,0.43515,0.43535,0.43498,0.43474,0.43351,0.43458,0.4335,0.4337,0.43245,0.43241,0.43267,0.43106,0.43166,0.43105,0.43076,0.43095,0.43019,
561.000,0.72723,0.71085,0.69571,0.67955,0.66619,0.65461,0.64119,0.63039,0.61937,0.6099,0.60034,0.59223,0.58372,0.57601,0.56864,0.56144,0.55534,0.54919,0.54319,0.5378,0.53337,0.52912,0.52402,0.51926,0.51504,0.5121,0.50789,0.504,0.50071,0.49881,0.49476,0.49206,0.49001,0.48784,0.48784,0.48541,0.48278,0.47937,0.47937,0.47861,0.47613,0.47528,0.47276,0.47076,0.46939,0.46874,0.46616,0.46555,0.46442,0.46268,0.46175,0.46049,0.45943,0.45824,0.4569,0.45677,0.45579,0.45485,0.45376,0.45297,0.45194,0.4519,0.4513,0.45034,0.44992,0.44898,0.44885,0.44867,0.44807,0.44777,0.44744,0.44677,0.44704,0.44623,0.4466,0.44666,0.44573,0.44552,0.44563,0.44457,0.44449,0.44431,0.44384,0.44347,0.44351,0.44332,0.44165,0.4397,0.43878,0.43907,0.4388,0.43894,0.43913,0.43833,0.43908,0.43931,0.43915,0.43864,0.43906,0.43906,0.43915,0.43893,
562.000,0.72893,0.71227,0.69658,0.68228,0.66859,0.65633,0.64471,0.63332,0.62434,0.61444,0.60623,0.59667,0.58864,0.58131,0.57459,0.56823,0.56308,0.55658,0.55097,0.54613,0.54085,0.53706,0.5324,0.52844,0.52486,0.52109,0.51718,0.51434,0.51149,0.50818,0.5066,0.50452,0.50131,0.49866,0.49866,0.49716,0.49505,0.49396,0.49396,0.49193,0.4905,0.48862,0.48613,0.48541,0.48476,0.48264,0.48186,0.48043,0.4787,0.4786,0.47766,0.47647,0.4759,0.475,0.47324,0.47288,0.47291,0.47194,0.47119,0.47031,0.47035,0.47021,0.46923,0.46997,0.46845,0.46919,0.46826,0.46864,0.46759,0.468,0.46817,0.4683,0.46776,0.4681,0.46828,0.46754,0.46794,0.46767,0.46728,0.46686,0.46769,0.46683,0.46735,0.46692,0.46706,0.46728,0.46407,0.46042,0.45971,0.45997,0.46021,0.46062,0.46085,0.46136,0.46202,0.46138,0.46155,0.46235,0.4621,0.46202,0.46297,0.46288,
563.000,0.7377,0.72042,0.70582,0.69165,0.67987,0.66827,0.65718,0.64586,0.63664,0.62834,0.6199,0.61208,0.60428,0.59718,0.59094,0.58429,0.57924,0.57423,0.56899,0.56368,0.55997,0.55584,0.55197,0.54857,0.54544,0.54147,0.53971,0.53593,0.53335,0.53071,0.52827,0.52687,0.5242,0.52251,0.52251,0.52071,0.51895,0.51712,0.51712,0.51646,0.51415,0.5129,0.51191,0.51085,0.5101,0.50886,0.50771,0.50635,0.50591,0.50504,0.50389,0.5038,0.50357,0.50316,0.50111,0.50149,0.50043,0.49987,0.49876,0.49934,0.49889,0.49909,0.49835,0.49871,0.49813,0.49754,0.49811,0.49778,0.49761,0.49833,0.4983,0.4995,0.49869,0.49884,0.49941,0.4986,0.49891,0.49776,0.49899,0.49875,0.49908,0.49956,0.4995,0.49895,0.49881,0.49934,0.4952,0.49115,0.49033,0.49109,0.49056,0.49213,0.49172,0.49265,0.49337,0.49374,0.49343,0.49417,0.49465,0.49459,0.49524,0.49647,
564.000,0.75201,0.73644,0.72253,0.70914,0.69756,0.6872,0.67653,0.66684,0.65738,0.64915,0.64226,0.63406,0.62601,0.62027,0.61592,0.60957,0.6043,0.59979,0.59564,0.5905,0.5857,0.58339,0.57912,0.57616,0.57309,0.57006,0.56808,0.56561,0.56207,0.56018,0.55816,0.55608,0.55543,0.55393,0.55393,0.55205,0.54999,0.54878,0.54878,0.54629,0.54505,0.54454,0.54341,0.54328,0.54211,0.54027,0.54028,0.54012,0.5385,0.53858,0.53764,0.5372,0.53704,0.53582,0.53319,0.53432,0.53381,0.53244,0.53284,0.53251,0.53247,0.53285,0.53268,0.53231,0.53188,0.53179,0.53194,0.53224,0.53282,0.53278,0.53325,0.53304,0.53332,0.53331,0.5337,0.53285,0.5329,0.53352,0.53355,0.53287,0.53347,0.53321,0.53366,0.5337,0.53347,0.53282,0.5297,0.52557,0.52632,0.52553,0.52596,0.52732,0.52721,0.52778,0.52769,0.52804,0.52828,0.52848,0.52937,0.52944,0.52929,0.53101,
565.000,0.76993,0.75627,0.74271,0.73023,0.71913,0.70789,0.69815,0.68959,0.68164,0.67349,0.66567,0.65904,0.65272,0.6469,0.64104,0.63609,0.63078,0.62653,0.62183,0.61807,0.61357,0.61145,0.60819,0.60433,0.60158,0.59878,0.5966,0.59413,0.59214,0.58989,0.58797,0.58591,0.5845,0.58364,0.58364,0.58086,0.57951,0.57823,0.57823,0.57689,0.57607,0.57507,0.57462,0.57251,0.57199,0.57111,0.57055,0.56973,0.56852,0.56807,0.56773,0.56661,0.56654,0.56579,0.5643,0.56466,0.56445,0.56401,0.56424,0.56346,0.56334,0.56337,0.5631,0.56222,0.56286,0.5622,0.56258,0.56198,0.56196,0.5622,0.56294,0.56283,0.56203,0.56272,0.56203,0.56335,0.56296,0.5616,0.56298,0.56233,0.56176,0.56296,0.56252,0.56168,0.56219,0.5619,0.55937,0.55613,0.55668,0.55664,0.55636,0.55625,0.55706,0.55761,0.55669,0.55678,0.55807,0.55834,0.55792,0.55903,0.55904,0.55989,
566.000,0.78873,0.77432,0.7617,0.75076,0.73837,0.72867,0.72012,0.71133,0.70271,0.69505,0.68867,0.68139,0.67529,0.6697,0.66425,0.65973,0.6542,0.64976,0.64619,0.64159,0.63872,0.63496,0.6316,0.62864,0.62602,0.62265,0.62112,0.61738,0.6167,0.61423,0.6115,0.61074,0.60879,0.60693,0.60693,0.60574,0.60399,0.6021,0.6021,0.60118,0.60092,0.5988,0.59777,0.59671,0.59575,0.59452,0.59383,0.59287,0.59254,0.59133,0.59053,0.58888,0.58899,0.58887,0.58787,0.58783,0.58667,0.58567,0.58633,0.58557,0.585,0.58538,0.58483,0.58378,0.58391,0.58441,0.58428,0.58395,0.58307,0.58298,0.58247,0.58239,0.5826,0.58283,0.58275,0.58173,0.58122,0.58232,0.58145,0.58143,0.58061,0.5811,0.58124,0.58126,0.58041,0.58084,0.57893,0.5769,0.57702,0.57687,0.57687,0.57717,0.577,0.57699,0.5764,0.57719,0.57669,0.57647,0.57688,0.57764,0.57691,0.57723,
567.000,0.80499,0.79088,0.7789,0.76633,0.75505,0.74585,0.73647,0.72723,0.71932,0.71315,0.70465,0.69863,0.6924,0.68601,0.68047,0.67647,0.67042,0.6665,0.66188,0.65827,0.65418,0.65154,0.64834,0.6453,0.64203,0.63771,0.63651,0.63433,0.63134,0.62939,0.6269,0.62454,0.62365,0.62115,0.62115,0.62008,0.61859,0.61679,0.61679,0.61564,0.61484,0.61307,0.61163,0.61026,0.60929,0.60828,0.60754,0.60612,0.60494,0.60454,0.60406,0.60252,0.60234,0.60051,0.59971,0.59993,0.59873,0.59863,0.5976,0.59725,0.59613,0.59591,0.59568,0.59534,0.59459,0.59398,0.59389,0.59276,0.59304,0.5926,0.59206,0.59216,0.59094,0.59129,0.5911,0.58975,0.59021,0.58957,0.58977,0.58879,0.58838,0.58804,0.58816,0.5881,0.58738,0.5868,0.58655,0.58603,0.58697,0.58641,0.5861,0.58488,0.58576,0.58544,0.58527,0.58526,0.58446,0.5847,0.58417,0.58449,0.58394,0.58346,
568.000,0.81554,0.80219,0.78821,0.77649,0.76507,0.75501,0.74531,0.73684,0.72783,0.72057,0.71255,0.70623,0.69927,0.69351,0.68696,0.68309,0.67895,0.67343,0.66897,0.66422,0.66023,0.65749,0.65391,0.65076,0.64721,0.64436,0.64144,0.63827,0.63645,0.63423,0.63182,0.62985,0.62729,0.62526,0.62526,0.62293,0.622,0.61995,0.61995,0.61794,0.61628,0.61553,0.61367,0.61319,0.61118,0.61011,0.60843,0.60758,0.60641,0.60498,0.60412,0.60286,0.60232,0.60118,0.60069,0.59931,0.59861,0.59834,0.59787,0.59646,0.59553,0.59514,0.59368,0.59341,0.59212,0.59137,0.59143,0.59021,0.5898,0.5892,0.58911,0.58854,0.5869,0.58656,0.58608,0.58507,0.58509,0.58338,0.58318,0.5844,0.58339,0.58259,0.58159,0.58149,0.5813,0.58087,0.58175,0.58391,0.58333,0.58316,0.58328,0.58207,0.58218,0.58105,0.58034,0.58043,0.57959,0.57888,0.57827,0.57773,0.57764,0.57757,
569.000,0.81934,0.80583,0.79104,0.77885,0.76754,0.75636,0.74566,0.73644,0.72785,0.71932,0.71145,0.70424,0.6978,0.69061,0.68538,0.68025,0.67459,0.66973,0.6647,0.65917,0.65584,0.65242,0.64865,0.64507,0.64061,0.63816,0.63463,0.6323,0.62857,0.62637,0.62437,0.62162,0.61899,0.61623,0.61623,0.6142,0.61262,0.61097,0.61097,0.6088,0.60801,0.60559,0.60342,0.60244,0.60052,0.59906,0.59794,0.59576,0.59498,0.59364,0.5921,0.59076,0.58998,0.58834,0.58886,0.58752,0.5861,0.58597,0.58388,0.58318,0.58176,0.5808,0.58094,0.57924,0.5776,0.5769,0.57631,0.5756,0.575,0.57349,0.57261,0.57204,0.57015,0.5705,0.56995,0.56868,0.56759,0.56689,0.56761,0.56649,0.56515,0.56474,0.56343,0.56318,0.56227,0.56237,0.56512,0.56686,0.56733,0.56726,0.56599,0.56563,0.56478,0.56416,0.56323,0.5625,0.56181,0.56152,0.56048,0.56052,0.55952,0.55885,
570.000,0.81546,0.80194,0.78665,0.77427,0.7615,0.7497,0.73966,0.7278,0.7195,0.71002,0.70221,0.69463,0.68705,0.68033,0.67429,0.66758,0.66183,0.65717,0.65154,0.64658,0.64226,0.63825,0.63382,0.62905,0.62553,0.62281,0.61969,0.6162,0.61279,0.61006,0.60757,0.60455,0.602,0.59974,0.59974,0.59676,0.59399,0.59304,0.59304,0.58982,0.58881,0.58622,0.58517,0.58285,0.58126,0.57883,0.57653,0.57649,0.57426,0.57275,0.57163,0.57062,0.56859,0.56692,0.56739,0.56523,0.56445,0.56323,0.56199,0.56068,0.55916,0.55856,0.55673,0.55569,0.55362,0.55461,0.55312,0.55173,0.55096,0.54911,0.54796,0.54762,0.54739,0.54619,0.54468,0.54384,0.54303,0.54223,0.54223,0.54129,0.5399,0.53926,0.53778,0.53832,0.53735,0.53755,0.5404,0.54271,0.54285,0.54208,0.54125,0.5408,0.53928,0.53846,0.53782,0.53704,0.53611,0.5357,0.53499,0.53477,0.5336,0.53264,
571.000,0.80615,0.78977,0.77549,0.76122,0.74915,0.73532,0.72387,0.71305,0.70347,0.69367,0.68496,0.67638,0.66923,0.66153,0.65546,0.64851,0.64211,0.63619,0.63061,0.62547,0.62077,0.61595,0.61197,0.60616,0.60292,0.59944,0.59616,0.59198,0.58843,0.58509,0.58289,0.57972,0.5756,0.5737,0.5737,0.57098,0.56729,0.56631,0.56631,0.56364,0.56208,0.56044,0.55711,0.55552,0.5529,0.55122,0.55006,0.54878,0.54681,0.54497,0.54251,0.54215,0.54031,0.53924,0.53981,0.53629,0.53528,0.53532,0.53406,0.53143,0.52994,0.52898,0.52746,0.5264,0.52473,0.52477,0.52349,0.52215,0.52041,0.51999,0.51822,0.51706,0.5163,0.51534,0.5145,0.51393,0.51227,0.51142,0.51124,0.50954,0.50829,0.50763,0.50709,0.50685,0.50587,0.50639,0.5095,0.51159,0.5128,0.51145,0.51098,0.51063,0.50899,0.50793,0.50697,0.50575,0.50495,0.50475,0.50345,0.50277,0.50103,0.50075,
572.000,0.79212,0.77418,0.75905,0.74384,0.73081,0.71685,0.70487,0.69373,0.68258,0.67277,0.66372,0.65547,0.64716,0.63816,0.63125,0.62415,0.61752,0.61158,0.60591,0.60062,0.59523,0.59041,0.58533,0.58046,0.57647,0.57279,0.56866,0.56522,0.56202,0.55808,0.55494,0.55077,0.54846,0.54589,0.54589,0.54274,0.54006,0.53747,0.53747,0.53534,0.53335,0.53058,0.52797,0.52626,0.52352,0.52262,0.52071,0.51861,0.51719,0.51504,0.51309,0.51211,0.51023,0.50871,0.50925,0.50679,0.5062,0.50479,0.50244,0.50069,0.49991,0.49852,0.49699,0.49519,0.49527,0.49372,0.49152,0.49148,0.4906,0.48926,0.48781,0.48628,0.48616,0.4843,0.48426,0.48326,0.48168,0.48082,0.48066,0.47978,0.47871,0.47749,0.47701,0.47672,0.47673,0.47588,0.47911,0.48023,0.48202,0.48068,0.47996,0.47876,0.47775,0.47713,0.4762,0.47526,0.47471,0.4739,0.47281,0.47189,0.47105,0.46981,
573.000,0.77367,0.75706,0.74058,0.72501,0.71108,0.69692,0.68533,0.67331,0.66224,0.65244,0.64244,0.6326,0.62455,0.61586,0.60901,0.60176,0.59507,0.58926,0.58216,0.57665,0.57094,0.56561,0.56144,0.55582,0.55156,0.54722,0.5439,0.54072,0.53622,0.53238,0.52929,0.52586,0.52245,0.51981,0.51981,0.51712,0.51532,0.51197,0.51197,0.5095,0.50808,0.50486,0.50247,0.50072,0.4978,0.4973,0.49412,0.49293,0.4916,0.48959,0.48784,0.4866,0.48471,0.48351,0.48424,0.48211,0.47977,0.47842,0.47755,0.47629,0.47537,0.47358,0.47208,0.47116,0.47063,0.46919,0.46817,0.46629,0.46533,0.46477,0.46286,0.46273,0.46246,0.46149,0.46086,0.45912,0.45799,0.45778,0.45692,0.45623,0.45571,0.45459,0.45497,0.45406,0.45356,0.45276,0.45553,0.45607,0.45688,0.45624,0.45515,0.45439,0.45415,0.45344,0.45297,0.45158,0.45088,0.4502,0.44915,0.44907,0.44863,0.44784,
574.000,0.75599,0.739,0.72254,0.70595,0.69199,0.67906,0.66578,0.65344,0.64215,0.63128,0.62183,0.61216,0.60351,0.59527,0.58815,0.58064,0.57371,0.56786,0.56163,0.5553,0.54939,0.54519,0.54034,0.53552,0.53071,0.52642,0.52269,0.51882,0.51513,0.51152,0.50926,0.50599,0.50235,0.49982,0.49982,0.49661,0.4945,0.49164,0.49164,0.48963,0.48683,0.48484,0.48355,0.48048,0.47859,0.4774,0.47548,0.47372,0.47209,0.47151,0.46923,0.46837,0.4657,0.4649,0.46518,0.46384,0.46112,0.46025,0.45936,0.45854,0.45755,0.45642,0.45504,0.45476,0.45356,0.45239,0.45127,0.45112,0.4505,0.44917,0.44872,0.44807,0.44741,0.447,0.44589,0.44482,0.44498,0.44476,0.44371,0.44269,0.44203,0.44177,0.44168,0.44137,0.44033,0.44058,0.44075,0.44132,0.4411,0.44036,0.44035,0.44003,0.44,0.43863,0.43785,0.43787,0.43799,0.43724,0.43707,0.43616,0.43603,0.43588,
575.000,0.74168,0.72404,0.70719,0.69251,0.67823,0.6648,0.65122,0.63962,0.62863,0.61833,0.6089,0.59896,0.59019,0.58292,0.57539,0.56813,0.56168,0.55549,0.54961,0.54375,0.5387,0.53412,0.52885,0.52443,0.51992,0.51711,0.51273,0.50869,0.50596,0.50284,0.5003,0.49704,0.49455,0.4916,0.4916,0.48928,0.48616,0.48444,0.48444,0.48253,0.48104,0.47794,0.4761,0.47481,0.47266,0.47089,0.46976,0.46928,0.46741,0.46551,0.46484,0.4633,0.46234,0.46068,0.46078,0.45948,0.45812,0.45743,0.45651,0.4554,0.45469,0.45462,0.45322,0.45285,0.45261,0.45166,0.45105,0.45059,0.45058,0.44955,0.44962,0.44913,0.44838,0.4484,0.44804,0.44796,0.4474,0.44675,0.44657,0.44612,0.4463,0.44576,0.44564,0.44566,0.44528,0.4451,0.44391,0.44215,0.44134,0.44096,0.44119,0.44064,0.44093,0.44141,0.44093,0.44131,0.44099,0.4408,0.44076,0.4408,0.4402,0.44118,
576.000,0.73288,0.71569,0.70028,0.6852,0.67164,0.65871,0.64645,0.63541,0.62452,0.61438,0.60474,0.59699,0.58916,0.58116,0.57356,0.56776,0.56184,0.55515,0.55016,0.54522,0.53998,0.53563,0.53156,0.52791,0.5234,0.51961,0.51707,0.51351,0.51058,0.50786,0.50471,0.50236,0.49999,0.49743,0.49743,0.49513,0.4937,0.49117,0.49117,0.48997,0.48819,0.4873,0.48456,0.48425,0.48218,0.48136,0.48009,0.47908,0.47728,0.47669,0.47607,0.47566,0.47464,0.47363,0.47128,0.47068,0.47075,0.47006,0.47032,0.46857,0.46865,0.46886,0.46813,0.46779,0.46732,0.46717,0.46741,0.46668,0.46623,0.46625,0.46586,0.46602,0.46584,0.46601,0.46627,0.46699,0.46675,0.46621,0.46631,0.46532,0.46502,0.46632,0.46662,0.46604,0.46576,0.46625,0.46282,0.45995,0.45848,0.45862,0.45916,0.45896,0.45925,0.45987,0.45972,0.45998,0.46092,0.46095,0.46138,0.46249,0.46152,0.46241,
577.000,0.73224,0.71643,0.70101,0.68662,0.67374,0.66224,0.65066,0.64064,0.63142,0.62248,0.61375,0.60625,0.59913,0.59225,0.58549,0.57962,0.57366,0.56875,0.56377,0.55899,0.55521,0.55054,0.54737,0.54376,0.54102,0.53713,0.53533,0.53112,0.5291,0.52735,0.52514,0.52214,0.5207,0.51933,0.51933,0.5171,0.51551,0.51371,0.51371,0.51251,0.51179,0.51006,0.50889,0.50793,0.50706,0.50629,0.50587,0.50462,0.5036,0.50275,0.50257,0.50211,0.50137,0.50093,0.49759,0.49901,0.49856,0.49853,0.49786,0.49713,0.49784,0.49763,0.49814,0.49722,0.49787,0.49744,0.49777,0.4973,0.49654,0.49797,0.49829,0.49862,0.49844,0.49864,0.49864,0.49902,0.49962,0.50004,0.49916,0.499,0.49922,0.50017,0.49987,0.50004,0.50025,0.5002,0.49569,0.49116,0.49038,0.49156,0.49125,0.49205,0.493,0.49235,0.4929,0.49394,0.49466,0.49474,0.49637,0.49646,0.49686,0.49691,
578.000,0.74011,0.72503,0.71053,0.69815,0.68673,0.67574,0.66521,0.65675,0.64755,0.6395,0.63172,0.62559,0.61913,0.61235,0.607,0.60108,0.59677,0.59165,0.58756,0.58364,0.57949,0.57641,0.57299,0.57048,0.56752,0.56495,0.56208,0.56068,0.55843,0.5563,0.55379,0.55298,0.55087,0.54981,0.54981,0.5479,0.54639,0.546,0.546,0.54473,0.54357,0.5417,0.5415,0.54103,0.54033,0.53962,0.53818,0.53775,0.53774,0.53737,0.53692,0.53672,0.53531,0.5362,0.53169,0.5341,0.53443,0.53442,0.53273,0.53223,0.53382,0.53342,0.53364,0.53356,0.53361,0.534,0.53358,0.53398,0.53409,0.53444,0.53514,0.53573,0.53581,0.53632,0.5365,0.53641,0.53679,0.53611,0.53656,0.53692,0.53708,0.5378,0.53735,0.53737,0.53762,0.53755,0.53363,0.52907,0.52825,0.52908,0.52926,0.52945,0.53,0.53053,0.53122,0.53257,0.53288,0.53314,0.53399,0.53419,0.53468,0.53513,
579.000,0.75575,0.74182,0.72828,0.71663,0.70674,0.69658,0.68748,0.67891,0.67132,0.66401,0.65847,0.65215,0.64498,0.64056,0.63487,0.63028,0.62592,0.62151,0.61821,0.61514,0.61081,0.60807,0.60542,0.60316,0.60043,0.59871,0.59604,0.59436,0.5921,0.58955,0.5891,0.58778,0.58607,0.58427,0.58427,0.5835,0.5826,0.58235,0.58235,0.58111,0.57927,0.57852,0.57802,0.57699,0.5765,0.57527,0.57576,0.57495,0.57468,0.57434,0.5733,0.57324,0.57249,0.57237,0.56909,0.57173,0.57184,0.57129,0.57032,0.57027,0.5707,0.57076,0.57128,0.57172,0.5716,0.57053,0.5704,0.57116,0.57112,0.57091,0.57255,0.57235,0.5724,0.57295,0.57348,0.57325,0.57246,0.57344,0.57325,0.57306,0.57352,0.57319,0.57347,0.5739,0.57363,0.57418,0.57034,0.56691,0.56563,0.56559,0.56665,0.5671,0.56769,0.56772,0.56891,0.5694,0.56935,0.56967,0.57036,0.57017,0.57146,0.5717,
580.000,0.77339,0.76022,0.74825,0.73791,0.7286,0.71919,0.71092,0.70303,0.69616,0.6894,0.68339,0.67784,0.6718,0.66697,0.66237,0.65733,0.65425,0.65121,0.64705,0.64345,0.64026,0.63787,0.63441,0.6326,0.63051,0.62815,0.62686,0.62514,0.62237,0.62064,0.61937,0.61801,0.61623,0.61531,0.61531,0.614,0.61299,0.61129,0.61129,0.61069,0.60951,0.60922,0.60848,0.60831,0.60648,0.60651,0.60578,0.60493,0.60458,0.60437,0.60449,0.6025,0.60264,0.60238,0.59951,0.60184,0.60084,0.6011,0.60007,0.6004,0.60001,0.60001,0.60017,0.60018,0.59925,0.59979,0.59938,0.59904,0.59994,0.59896,0.59986,0.60008,0.6004,0.6,0.59901,0.60018,0.59951,0.5997,0.60032,0.59961,0.59987,0.59923,0.59946,0.60017,0.59945,0.59961,0.59749,0.59472,0.59396,0.59476,0.5949,0.59489,0.59567,0.59581,0.59588,0.59591,0.59649,0.59624,0.59658,0.59681,0.59661,0.59729,
581.000,0.79028,0.77874,0.76809,0.757,0.74797,0.73974,0.73186,0.72388,0.71798,0.71067,0.70458,0.69936,0.69437,0.68897,0.68495,0.68086,0.67692,0.67231,0.6686,0.66557,0.66255,0.65994,0.65678,0.65556,0.65276,0.6505,0.64767,0.64562,0.64412,0.64348,0.64093,0.63949,0.63835,0.63727,0.63727,0.63614,0.63391,0.63293,0.63293,0.63268,0.63145,0.63051,0.62907,0.62819,0.62738,0.62676,0.62623,0.62535,0.62412,0.62404,0.62291,0.62268,0.62123,0.62192,0.61935,0.62015,0.61992,0.61954,0.61903,0.61881,0.61805,0.61841,0.61811,0.61747,0.61683,0.6165,0.61684,0.61598,0.61557,0.61567,0.61558,0.61572,0.61523,0.61469,0.61513,0.61457,0.61419,0.61434,0.61392,0.6139,0.61389,0.61285,0.61416,0.61331,0.61317,0.61291,0.61172,0.6108,0.61057,0.61064,0.61065,0.61096,0.61099,0.61042,0.61051,0.61042,0.60946,0.61025,0.6106,0.61017,0.60939,0.61019,
582.000,0.80433,0.79274,0.78175,0.77163,0.76248,0.75403,0.74542,0.7382,0.73146,0.7246,0.71807,0.71292,0.70742,0.70216,0.69701,0.69357,0.68867,0.68522,0.68175,0.67781,0.67519,0.67193,0.66878,0.66665,0.66376,0.66191,0.65893,0.65687,0.65538,0.65382,0.65095,0.65055,0.64839,0.64655,0.64655,0.64469,0.64368,0.64258,0.64258,0.64001,0.63991,0.63832,0.63706,0.63612,0.63496,0.63316,0.63356,0.63186,0.63121,0.63024,0.63069,0.62887,0.62835,0.62712,0.62646,0.62604,0.62516,0.62501,0.62429,0.62336,0.62315,0.62216,0.62174,0.62176,0.62084,0.61978,0.61911,0.61931,0.61864,0.61835,0.61777,0.61665,0.61732,0.61645,0.61602,0.61575,0.61514,0.61515,0.61406,0.61396,0.61384,0.61334,0.61223,0.61261,0.61275,0.61152,0.6127,0.61361,0.61303,0.61306,0.61245,0.61246,0.61194,0.61098,0.61166,0.61086,0.61014,0.61009,0.60994,0.60973,0.60892,0.60853,
583.000,0.81128,0.79951,0.78812,0.77832,0.76816,0.7593,0.75006,0.74212,0.73581,0.72814,0.7235,0.71628,0.70986,0.70478,0.70065,0.69539,0.69132,0.68716,0.68276,0.67873,0.67529,0.6725,0.66937,0.66584,0.66365,0.66,0.65749,0.65575,0.65358,0.65064,0.64862,0.64704,0.64491,0.64321,0.64321,0.64064,0.63934,0.63838,0.63838,0.63669,0.63499,0.63331,0.63171,0.6309,0.62955,0.62862,0.6273,0.62642,0.62516,0.62375,0.62245,0.62225,0.62059,0.61965,0.6204,0.61859,0.61762,0.61607,0.61604,0.61464,0.61428,0.61291,0.61233,0.61198,0.61094,0.61013,0.60946,0.60835,0.60763,0.60664,0.60675,0.60611,0.60463,0.60389,0.60379,0.60337,0.60161,0.60222,0.60136,0.60125,0.6005,0.59954,0.59921,0.59902,0.59845,0.59782,0.60003,0.60205,0.60174,0.60141,0.60118,0.60025,0.59937,0.59885,0.59818,0.59768,0.5975,0.5963,0.59564,0.59482,0.59482,0.59399,
584.000,0.81213,0.79983,0.78742,0.77572,0.76576,0.75631,0.74791,0.73919,0.73082,0.72327,0.71623,0.71014,0.70372,0.69792,0.69246,0.68797,0.68329,0.67822,0.67383,0.66969,0.66586,0.66267,0.65879,0.65519,0.65246,0.64994,0.6466,0.6438,0.6415,0.63881,0.63571,0.63423,0.63125,0.62869,0.62869,0.62725,0.62577,0.62413,0.62413,0.62219,0.62045,0.61849,0.61688,0.61495,0.6139,0.61245,0.61111,0.6094,0.60798,0.60728,0.60609,0.60429,0.60318,0.60214,0.60295,0.6006,0.59994,0.59859,0.5972,0.59588,0.59474,0.59407,0.59371,0.59243,0.59239,0.59007,0.5893,0.58788,0.5875,0.5871,0.58579,0.58482,0.58427,0.58309,0.58222,0.58151,0.58053,0.57934,0.57878,0.57848,0.57687,0.57764,0.57608,0.57603,0.57492,0.5749,0.57715,0.58052,0.58132,0.5806,0.57945,0.57844,0.57811,0.57738,0.57559,0.57532,0.57456,0.57355,0.57251,0.57203,0.57092,0.57033,
585.000,0.80296,0.79027,0.77744,0.76593,0.75555,0.74459,0.73354,0.72544,0.71671,0.70829,0.70087,0.69394,0.68694,0.68051,0.67472,0.66955,0.66451,0.65922,0.65407,0.65008,0.64533,0.64246,0.63776,0.63418,0.63064,0.62714,0.62435,0.62076,0.61812,0.61515,0.61279,0.61079,0.6075,0.60521,0.60521,0.60284,0.60073,0.599,0.599,0.59641,0.59422,0.59252,0.59087,0.58935,0.58708,0.5851,0.58407,0.58264,0.58165,0.57998,0.57789,0.57691,0.57578,0.57387,0.57558,0.57253,0.57063,0.5699,0.56878,0.56751,0.56605,0.56595,0.56374,0.56276,0.56145,0.5603,0.55882,0.55753,0.55791,0.55627,0.55524,0.55365,0.55269,0.5516,0.55116,0.54894,0.54821,0.54758,0.5477,0.54656,0.54583,0.54527,0.54485,0.54479,0.54311,0.54217,0.54559,0.55042,0.55049,0.54926,0.54899,0.54759,0.54652,0.54522,0.54445,0.5436,0.54259,0.54132,0.54105,0.53989,0.53905,0.53785,
586.000,0.78473,0.77195,0.75775,0.74586,0.73489,0.72407,0.71195,0.70283,0.69331,0.68423,0.67645,0.66923,0.66179,0.65505,0.64885,0.64262,0.63826,0.63162,0.62612,0.62149,0.61748,0.61368,0.60873,0.60466,0.60083,0.59719,0.59468,0.59022,0.58749,0.58431,0.58169,0.57854,0.57601,0.57328,0.57328,0.57152,0.56805,0.56639,0.56639,0.56319,0.5625,0.56013,0.55761,0.55649,0.55455,0.5524,0.55078,0.54932,0.54734,0.5455,0.54399,0.54277,0.54107,0.54018,0.54045,0.53871,0.53681,0.53563,0.53413,0.53284,0.53175,0.53063,0.52896,0.52797,0.52676,0.5252,0.52436,0.52331,0.52187,0.5205,0.52019,0.51933,0.51734,0.51672,0.51568,0.51403,0.51257,0.51177,0.51248,0.51086,0.51022,0.5095,0.50879,0.50851,0.50702,0.50666,0.50983,0.51567,0.51602,0.51362,0.51287,0.51202,0.51073,0.50923,0.50895,0.50736,0.5067,0.50522,0.50443,0.50373,0.503,0.50218,
587.000,0.7637,0.75078,0.73616,0.72322,0.71103,0.69883,0.68738,0.6776,0.66787,0.65817,0.6497,0.64147,0.6348,0.62831,0.62089,0.61495,0.60918,0.60365,0.59764,0.59281,0.58914,0.58428,0.57987,0.57491,0.57138,0.5666,0.56378,0.5602,0.55715,0.55386,0.55113,0.54765,0.54538,0.54255,0.54255,0.5401,0.53762,0.53531,0.53531,0.53229,0.53077,0.529,0.52651,0.52386,0.5225,0.52064,0.51947,0.51758,0.51629,0.51373,0.51286,0.51106,0.50953,0.50864,0.50826,0.5066,0.50475,0.50395,0.50296,0.50148,0.50007,0.49839,0.49785,0.49626,0.49558,0.49426,0.49296,0.49152,0.49097,0.48943,0.48853,0.48758,0.48628,0.4849,0.48453,0.48381,0.48251,0.48193,0.48118,0.48032,0.47977,0.47876,0.47769,0.477,0.4766,0.47625,0.47911,0.4837,0.48326,0.48257,0.48164,0.47989,0.47898,0.47838,0.47769,0.47663,0.47576,0.47493,0.47457,0.47375,0.47338,0.47184,
588.000,0.7381,0.72362,0.71035,0.6955,0.68264,0.67127,0.65947,0.64804,0.63894,0.62913,0.62022,0.61325,0.60524,0.59782,0.59164,0.58439,0.57899,0.57312,0.56755,0.56295,0.55793,0.55252,0.54908,0.54458,0.54026,0.53641,0.53289,0.52992,0.52707,0.52328,0.52039,0.51759,0.51496,0.51202,0.51202,0.5099,0.50757,0.50568,0.50568,0.50405,0.5015,0.49905,0.49655,0.49443,0.49291,0.49114,0.48939,0.48836,0.48644,0.48505,0.48346,0.4822,0.48113,0.48002,0.47925,0.47766,0.47652,0.47489,0.4743,0.47291,0.47214,0.47156,0.46958,0.4687,0.46771,0.46655,0.46597,0.4649,0.46417,0.46286,0.46184,0.46145,0.45996,0.45929,0.45878,0.4577,0.45707,0.45653,0.45567,0.45564,0.45466,0.45421,0.45359,0.45335,0.45301,0.45257,0.45347,0.45777,0.45601,0.45559,0.45477,0.45438,0.45324,0.45194,0.45176,0.45189,0.45055,0.45088,0.45043,0.44982,0.44875,0.44791,
589.000,0.71181,0.69747,0.68248,0.66822,0.65547,0.64345,0.63261,0.62241,0.61248,0.60325,0.59483,0.58655,0.57861,0.57178,0.56539,0.55896,0.55374,0.54849,0.54295,0.53715,0.53266,0.52884,0.52404,0.52091,0.51651,0.51309,0.5098,0.50784,0.50361,0.50117,0.49797,0.49483,0.49224,0.49082,0.49082,0.48787,0.48705,0.4844,0.4844,0.48207,0.47989,0.47816,0.4759,0.4744,0.47335,0.47128,0.47063,0.46906,0.46818,0.46654,0.46506,0.46369,0.46272,0.46188,0.46107,0.46033,0.45862,0.45783,0.45723,0.45633,0.45497,0.45434,0.45344,0.45272,0.4523,0.45146,0.45033,0.44926,0.44938,0.4493,0.4485,0.44752,0.44726,0.44632,0.44619,0.44548,0.44531,0.44504,0.44457,0.44391,0.44381,0.44344,0.4431,0.4421,0.44251,0.4423,0.44246,0.44291,0.44244,0.44164,0.44205,0.44124,0.44003,0.44024,0.43999,0.44033,0.44026,0.4396,0.43851,0.43901,0.43837,0.43875,
590.000,0.68907,0.67484,0.66115,0.64719,0.63501,0.62278,0.61271,0.60278,0.59366,0.58505,0.57689,0.56952,0.56195,0.55624,0.54955,0.54382,0.53914,0.53328,0.52899,0.52479,0.52014,0.51592,0.51206,0.50842,0.50506,0.50262,0.49941,0.49679,0.49417,0.49087,0.4897,0.48717,0.48483,0.48285,0.48285,0.48081,0.47894,0.47731,0.47731,0.47576,0.47442,0.4727,0.47114,0.47041,0.46863,0.46825,0.46699,0.46595,0.46364,0.46353,0.46247,0.46154,0.46128,0.46052,0.45913,0.4583,0.45807,0.45804,0.45683,0.45591,0.45556,0.45512,0.45524,0.45448,0.45361,0.45376,0.45369,0.45313,0.45413,0.45259,0.45265,0.45199,0.45219,0.45201,0.45152,0.45184,0.451,0.45147,0.45122,0.45112,0.45115,0.45063,0.45082,0.45102,0.45009,0.45103,0.44898,0.4462,0.44574,0.44705,0.44662,0.44626,0.4463,0.44663,0.44686,0.44643,0.44661,0.44678,0.44739,0.44735,0.44778,0.44855,
591.000,0.67321,0.65881,0.64587,0.63339,0.62239,0.61288,0.6029,0.59365,0.58524,0.57788,0.57092,0.56363,0.55787,0.55188,0.54585,0.54199,0.53708,0.53276,0.52795,0.52484,0.52071,0.51744,0.51492,0.51224,0.50919,0.50626,0.50383,0.50185,0.49942,0.49764,0.49634,0.49373,0.49317,0.49142,0.49142,0.49017,0.48812,0.48725,0.48725,0.48606,0.48482,0.48414,0.48326,0.48241,0.48154,0.48067,0.48015,0.47893,0.47787,0.47833,0.47783,0.47674,0.4766,0.47607,0.47433,0.47485,0.47384,0.4736,0.47473,0.47324,0.4735,0.47431,0.47324,0.4738,0.47347,0.47335,0.47381,0.47385,0.47407,0.4742,0.47417,0.47412,0.47527,0.47449,0.47438,0.47459,0.47487,0.47569,0.47544,0.47569,0.47548,0.47538,0.47585,0.47605,0.47602,0.47569,0.47264,0.46766,0.46865,0.46827,0.46832,0.46938,0.46931,0.47,0.46984,0.47108,0.47189,0.4721,0.47324,0.47224,0.47368,0.47454,
592.000,0.66663,0.65396,0.64215,0.63119,0.62186,0.61265,0.60514,0.59725,0.58969,0.58425,0.57827,0.57294,0.56807,0.56296,0.55806,0.55433,0.55018,0.5467,0.54359,0.54165,0.53765,0.53583,0.53299,0.53057,0.52833,0.52705,0.5251,0.52313,0.52111,0.52098,0.51931,0.51832,0.51669,0.51558,0.51558,0.51482,0.5137,0.51275,0.51275,0.51299,0.51139,0.51097,0.51054,0.50968,0.50949,0.50898,0.50859,0.50837,0.50828,0.50791,0.50752,0.50812,0.50723,0.50771,0.50442,0.50649,0.50625,0.50614,0.50614,0.50586,0.50695,0.50676,0.50666,0.50746,0.50765,0.5084,0.50879,0.50817,0.50911,0.50912,0.50967,0.50976,0.51035,0.51078,0.51223,0.51217,0.51217,0.51286,0.51332,0.51283,0.51315,0.51332,0.51395,0.5142,0.5151,0.51491,0.50923,0.50651,0.50508,0.50485,0.50574,0.50607,0.50723,0.50752,0.50794,0.50922,0.51027,0.51121,0.51151,0.51167,0.51273,0.51296,
593.000,0.67155,0.66025,0.65011,0.64179,0.6338,0.62638,0.61987,0.61346,0.60836,0.60311,0.59816,0.59352,0.59027,0.58616,0.58179,0.57924,0.57609,0.5739,0.57047,0.56874,0.56683,0.56366,0.56262,0.56124,0.55962,0.55784,0.55666,0.55571,0.55504,0.55342,0.5516,0.55183,0.55097,0.55113,0.55113,0.54973,0.54904,0.54889,0.54889,0.54925,0.54718,0.54763,0.54695,0.54716,0.54677,0.54649,0.54608,0.54619,0.54612,0.54621,0.54625,0.54586,0.54628,0.54635,0.54421,0.54539,0.54568,0.54558,0.54536,0.54604,0.54653,0.54674,0.54732,0.54755,0.54784,0.54863,0.54863,0.54906,0.54903,0.55028,0.5502,0.55109,0.55188,0.55192,0.55327,0.55281,0.55374,0.5538,0.55354,0.55391,0.55438,0.55496,0.5553,0.55565,0.55587,0.55586,0.55144,0.54808,0.54558,0.54656,0.54663,0.54741,0.54858,0.54917,0.54969,0.55069,0.55125,0.55225,0.55246,0.55344,0.55455,0.55461,
594.000,0.68708,0.67765,0.66967,0.66289,0.65554,0.64973,0.64424,0.63997,0.63575,0.63156,0.62767,0.62377,0.62067,0.61764,0.61468,0.6119,0.60963,0.6082,0.60613,0.60322,0.60233,0.60014,0.59945,0.59797,0.59647,0.5952,0.5948,0.59347,0.5925,0.59135,0.59148,0.59019,0.5907,0.5896,0.5896,0.58969,0.58946,0.58814,0.58814,0.5891,0.58773,0.58715,0.58735,0.58725,0.58775,0.58723,0.5861,0.58725,0.58708,0.58718,0.58659,0.58702,0.58705,0.58732,0.5853,0.58622,0.58695,0.58611,0.58703,0.58724,0.58708,0.58626,0.58801,0.58883,0.58847,0.58928,0.58874,0.5893,0.58953,0.59014,0.59144,0.59113,0.59183,0.59282,0.59214,0.593,0.59276,0.59463,0.59402,0.59453,0.59435,0.59427,0.59451,0.59553,0.59501,0.59503,0.59301,0.58846,0.58689,0.58631,0.58707,0.58829,0.58924,0.59005,0.59003,0.59085,0.59154,0.59206,0.59278,0.59284,0.59378,0.59463,
595.000,0.70953,0.70014,0.69322,0.68752,0.68146,0.6774,0.67306,0.66905,0.66495,0.66198,0.65811,0.65601,0.65217,0.64964,0.64688,0.64472,0.64322,0.64155,0.63907,0.63763,0.6364,0.63451,0.63309,0.63207,0.63082,0.63038,0.6291,0.62831,0.62712,0.6266,0.62609,0.62571,0.62466,0.62483,0.62483,0.62397,0.62325,0.62356,0.62356,0.62259,0.62133,0.62207,0.62225,0.62249,0.62105,0.62095,0.62127,0.6204,0.62121,0.62053,0.62014,0.6208,0.62007,0.62074,0.61922,0.61983,0.61975,0.61959,0.61981,0.6201,0.62036,0.6205,0.62053,0.62051,0.62081,0.62095,0.62121,0.62102,0.62132,0.62207,0.62178,0.62192,0.62247,0.62282,0.62232,0.62309,0.62313,0.62296,0.62359,0.62297,0.62369,0.6249,0.62394,0.62466,0.62447,0.62404,0.62254,0.61933,0.61819,0.61852,0.61903,0.6187,0.61956,0.61982,0.62067,0.62109,0.62069,0.62133,0.62155,0.62212,0.62265,0.62282,
596.000,0.73085,0.72385,0.7166,0.7111,0.70671,0.7023,0.69797,0.69394,0.69054,0.68715,0.68286,0.68045,0.67805,0.67547,0.67283,0.67068,0.66835,0.66671,0.66533,0.66301,0.66123,0.66013,0.65924,0.65772,0.65675,0.65515,0.65392,0.65307,0.65167,0.65179,0.65094,0.64963,0.64977,0.64839,0.64839,0.64867,0.6478,0.64595,0.64595,0.64569,0.64594,0.6448,0.64473,0.6448,0.64475,0.64431,0.64309,0.64333,0.64304,0.64323,0.64271,0.64177,0.64166,0.64219,0.64043,0.64056,0.63992,0.64023,0.64078,0.64085,0.6405,0.64029,0.6397,0.64046,0.64001,0.63962,0.63937,0.64054,0.63935,0.64009,0.64063,0.63968,0.63923,0.6395,0.64035,0.64032,0.63911,0.63923,0.63981,0.63935,0.63893,0.64016,0.63861,0.64,0.63958,0.63949,0.63782,0.63701,0.63674,0.63593,0.63629,0.6366,0.63679,0.63661,0.63734,0.63644,0.63684,0.63619,0.63728,0.63767,0.63797,0.63738,
597.000,0.75084,0.74275,0.73671,0.73245,0.72642,0.72288,0.71766,0.71406,0.71008,0.70622,0.70251,0.69944,0.69737,0.69393,0.69089,0.68808,0.68632,0.68408,0.6817,0.67983,0.67823,0.67657,0.67576,0.67348,0.67189,0.67075,0.66907,0.66782,0.66636,0.66615,0.66507,0.66316,0.66297,0.66175,0.66175,0.66065,0.66013,0.65955,0.65955,0.65847,0.65846,0.65775,0.65629,0.65529,0.65555,0.65446,0.65405,0.65399,0.65311,0.65232,0.65238,0.65145,0.65129,0.65047,0.65007,0.64953,0.64923,0.6494,0.64874,0.64861,0.64778,0.64716,0.64745,0.64665,0.64667,0.64667,0.64621,0.64547,0.64527,0.64499,0.64492,0.6439,0.64427,0.6437,0.64394,0.64345,0.64288,0.64333,0.64254,0.64281,0.64256,0.64205,0.64137,0.64206,0.64139,0.64037,0.64117,0.6416,0.64148,0.64157,0.64158,0.64147,0.6411,0.64158,0.64057,0.64039,0.63998,0.63946,0.63987,0.63908,0.63906,0.63964,
598.000,0.76373,0.75563,0.75018,0.74382,0.73796,0.73256,0.72765,0.72373,0.71923,0.71511,0.71121,0.70812,0.70386,0.70073,0.69813,0.69518,0.69218,0.69018,0.68794,0.68518,0.6833,0.6802,0.67835,0.67637,0.67494,0.67345,0.67134,0.67008,0.66825,0.66786,0.66591,0.66413,0.66288,0.66157,0.66157,0.66079,0.65986,0.65854,0.65854,0.65757,0.65635,0.65644,0.65397,0.65277,0.65268,0.65239,0.65141,0.6501,0.64886,0.64861,0.64791,0.64669,0.64662,0.64589,0.64579,0.64515,0.64462,0.64392,0.64268,0.64218,0.64245,0.64122,0.64049,0.64086,0.63975,0.63883,0.63844,0.63805,0.63681,0.63686,0.63618,0.63529,0.63507,0.63462,0.63453,0.63336,0.63215,0.63227,0.63274,0.63192,0.63121,0.63048,0.6305,0.63065,0.62858,0.62951,0.63077,0.63242,0.63315,0.633,0.63243,0.63191,0.63163,0.63042,0.62974,0.62962,0.62918,0.62855,0.62817,0.62733,0.62755,0.62642,
599.000,0.76606,0.75841,0.75125,0.74412,0.73875,0.7336,0.72723,0.72113,0.71692,0.71202,0.70725,0.70312,0.69862,0.69588,0.69154,0.68824,0.68488,0.68272,0.67929,0.67714,0.67432,0.67161,0.66875,0.66706,0.66451,0.663,0.66111,0.65896,0.65764,0.65522,0.65397,0.65234,0.65139,0.64962,0.64962,0.64727,0.64652,0.64575,0.64575,0.64382,0.64272,0.64208,0.64011,0.63879,0.63744,0.63684,0.63564,0.63533,0.63396,0.63279,0.63138,0.6307,0.63013,0.62928,0.63001,0.62854,0.62663,0.62644,0.62533,0.62378,0.62338,0.62246,0.622,0.62161,0.62086,0.61987,0.61897,0.61812,0.61706,0.61728,0.61592,0.61448,0.61415,0.61344,0.6125,0.61204,0.61145,0.61064,0.61043,0.60962,0.60867,0.60839,0.60823,0.60768,0.6072,0.60675,0.6088,0.61266,0.6125,0.61194,0.61095,0.61107,0.61059,0.60981,0.6087,0.60752,0.60644,0.60578,0.60571,0.60423,0.60342,0.60333,
600.000,0.76007,0.75179,0.7439,0.73595,0.72828,0.72188,0.71487,0.71022,0.70336,0.69793,0.69316,0.68813,0.6829,0.67879,0.67468,0.67029,0.66758,0.66393,0.66081,0.65791,0.65457,0.65104,0.64886,0.64658,0.64401,0.64138,0.63903,0.6373,0.63463,0.63232,0.63168,0.62961,0.62672,0.62491,0.62491,0.62364,0.62189,0.62079,0.62079,0.61863,0.61727,0.61547,0.61446,0.61344,0.61127,0.61087,0.6091,0.60763,0.60686,0.60547,0.60461,0.60274,0.60233,0.60065,0.60237,0.60033,0.59845,0.59786,0.59651,0.59522,0.5951,0.5937,0.59316,0.59172,0.59129,0.58981,0.58867,0.58813,0.58691,0.5862,0.58521,0.58438,0.5833,0.58166,0.5808,0.57961,0.57921,0.57786,0.57762,0.57775,0.57696,0.5766,0.57546,0.57463,0.57412,0.57366,0.57628,0.5806,0.58217,0.58134,0.57976,0.58002,0.57932,0.57762,0.57692,0.57605,0.57471,0.57352,0.57296,0.5714,0.57115,0.5714,
