;Part of: cyclohexanone with sp;
Wavelength [nm];Transmittance %;
599,753;0,010714;
601,682;0,00742738;
603,610;0,00553401;
605,539;0,00558569;
607,467;0,00712628;
609,396;0,00900378;
611,324;0,00996295;
613,252;0,00923444;
615,181;0,0068697;
617,109;0,00369573;
619,038;0,000930201;
620,966;1E-8;
622,895;7,08677E-5;
624,823;0,0017434;
626,752;0,00345923;
628,680;0,00401666;
630,609;0,00266737;
632,537;1E-8;
634,466;1E-8;
636,394;1E-8;
638,323;1E-8;
640,251;1E-8;
642,179;1E-8;
644,108;0,00343865;
646,036;0,00693312;
647,965;0,00810451;
649,893;0,00692411;
651,822;0,00410436;
653,750;0,000743377;
655,679;1E-8;
657,607;1E-8;
659,536;1E-8;
661,464;0,000560945;
663,393;0,00205386;
665,321;0,0031447;
667,250;0,00328208;
669,178;0,00208964;
671,106;0,0038936;
673,035;0,00798691;
674,963;0,0104772;
676,892;0,0105675;
678,820;0,00874902;
680,749;0,0062659;
682,677;0,0041772;
684,606;0,00274789;
686,534;0,00157164;
688,463;0,000208339;
690,391;0,000444354;
692,320;0,00157381;
694,248;0,00180591;
696,177;0,00135655;
698,105;0,000904011;
700,034;0,00103742;
701,962;0,00181766;
703,890;0,0027674;
705,819;0,00325626;
707,747;0,00296017;
709,676;0,00205999;
711,604;0,00107938;
713,533;0,000533635;
715,461;0,000660206;
717,390;0,00138255;
719,318;0,00245385;
721,247;0,00361318;
723,175;0,00463538;
725,104;0,00529342;
727,032;0,00534051;
728,961;0,00458723;
730,889;0,00303897;
732,817;0,000983457;
734,746;0,000449847;
736,674;0,00342481;
738,603;0,00642831;
740,531;0,00865129;
742,460;0,00946545;
744,388;0,00866712;
746,317;0,00654967;
748,245;0,00373336;
750,174;0,000847092;
752,102;0,00137296;
754,031;0,00322183;
755,959;0,00418438;
757,888;0,00435136;
759,816;0,00395219;
761,744;0,00318102;
763,673;0,00215381;
765,601;0,000978631;
767,530;0,000477766;
769,458;0,000850794;
771,387;0,00120084;
773,315;0,00173934;
775,244;0,00262965;
777,172;0,00382731;
779,101;0,00504151;
781,029;0,00589368;
782,958;0,00618512;
784,886;0,00606049;
786,815;0,00590514;
788,743;0,0060314;
790,671;0,00640788;
792,600;0,00667302;
794,528;0,00643556;
796,457;0,00560329;
798,385;0,00444583;
800,314;0,00333486;
802,242;0,00240864;
804,171;0,00148741;
806,099;0,00033381;
808,028;0,000159699;
809,956;0,000579331;
811,885;0,000332998;
813,813;0,000844942;
815,742;0,00302527;
817,670;0,00552334;
819,598;0,00741838;
821,527;0,00809313;
823,455;0,00748871;
825,384;0,00600536;
827,312;0,0041646;
829,241;0,0022851;
831,169;0,000388373;
833,098;0,00214364;
835,026;0,00489949;
836,955;0,00690326;
838,883;0,00819116;
840,812;0,00904437;
842,740;0,00976918;
844,669;0,0105214;
846,597;0,0112479;
848,525;0,0117532;
850,454;0,0118541;
852,382;0,0115414;
854,311;0,0110523;
856,239;0,0107764;
858,168;0,0110168;
860,096;0,0117503;
862,025;0,0125777;
863,953;0,0129573;
865,882;0,01261;
867,810;0,0118175;
869,739;0,0113666;
871,667;0,0121281;
873,596;0,0145444;
875,524;0,0183996;
877,452;0,0230554;
879,381;0,0279904;
881,309;0,0332399;
883,238;0,0393887;
885,166;0,0470823;
887,095;0,0563591;
889,023;0,0662427;
890,952;0,0748756;
892,880;0,0801634;
894,809;0,0806212;
896,737;0,0760233;
898,666;0,0675693;
900,594;0,0575061;
902,523;0,04837;
904,451;0,0421574;
906,379;0,0397406;
908,308;0,0407327;
910,236;0,0438133;
912,165;0,0473357;
914,093;0,0499352;
916,022;0,0508936;
917,950;0,0501676;
919,879;0,0481657;
921,807;0,045458;
923,736;0,0425758;
925,664;0,039936;
927,593;0,0378222;
929,521;0,0363381;
931,450;0,0353366;
933,378;0,0344132;
935,306;0,0330585;
937,235;0,0309443;
939,163;0,0281812;
941,092;0,0253399;
943,020;0,0231614;
944,949;0,022103;
946,877;0,0220183;
948,806;0,0222111;
950,734;0,0218501;
952,663;0,0204656;
954,591;0,0181791;
956,520;0,0155115;
958,448;0,0129395;
960,377;0,0105607;
962,305;0,00813563;
964,233;0,00546824;
966,162;0,00280405;
968,090;0,000896858;
970,019;0,000641518;
971,947;0,00250301;
973,876;0,00613392;
975,804;0,0104496;
977,733;0,0141234;
979,661;0,0162007;
981,590;0,0164827;
983,518;0,015506;
985,447;0,0141881;
987,375;0,0133685;
989,304;0,0134709;
991,232;0,0144018;
993,160;0,0156746;
995,089;0,0166718;
997,017;0,0169341;
998,946;0,0163703;
1000,874;0,0153035;
1002,803;0,014321;
1004,731;0,0139812;
1006,660;0,0145177;
1008,588;0,0157057;
1010,517;0,0169769;
1012,445;0,017728;
1014,374;0,017641;
1016,302;0,0168297;
1018,231;0,0157354;
1020,159;0,0148585;
1022,087;0,0145086;
1024,016;0,0147202;
1025,944;0,0153457;
1027,873;0,0162169;
1029,801;0,0172421;
1031,730;0,0183885;
1033,658;0,0196082;
1035,587;0,0208074;
1037,515;0,0219018;
1039,444;0,0229077;
1041,372;0,0239707;
1043,301;0,0252893;
1045,229;0,0269871;
1047,158;0,0290533;
1049,086;0,0314209;
1051,014;0,0341323;
1052,943;0,0378223;
1054,871;0,0419909;
1056,800;0,0471175;
1058,728;0,0526477;
1060,657;0,0573199;
1062,585;0,0595074;
1064,514;0,057895;
1066,442;0,0521453;
1068,371;0,0431643;
1070,299;0,0327933;
1072,228;0,0231344;
1074,156;0,0158405;
1076,085;0,0117602;
1078,013;0,010965;
1079,941;0,0129824;
1081,870;0,0170338;
1083,798;0,0222158;
1085,727;0,0276949;
1087,655;0,0329563;
1089,584;0,0379978;
1091,512;0,0433011;
1093,441;0,0495638;
1095,369;0,0574264;
1097,298;0,0674867;
1099,226;0,0806007;
1101,155;0,0980601;
1103,083;0,121152;
1105,012;0,150084;
1106,940;0,182976;
1108,868;0,215912;
1110,797;0,244581;
1112,725;0,266853;
1114,654;0,284534;
1116,582;0,302563;
1118,511;0,32562;
1120,439;0,354224;
1122,368;0,383081;
1124,296;0,403018;
1126,225;0,405452;
1128,153;0,386688;
1130,082;0,349504;
1132,010;0,301388;
1133,939;0,25094;
1135,867;0,204698;
1137,795;0,165837;
1139,724;0,134711;
1141,652;0,110268;
1143,581;0,0912452;
1145,509;0,0766069;
1147,438;0,0654332;
1149,366;0,0567296;
1151,295;0,049479;
1153,223;0,0428867;
1155,152;0,0366064;
1157,080;0,0307916;
1159,009;0,0260024;
1160,937;0,0230004;
1162,866;0,0225264;
1164,794;0,0250321;
1166,723;0,0303898;
1168,651;0,0377146;
1170,579;0,0454846;
1172,508;0,0520012;
1174,436;0,0559675;
1176,365;0,056857;
1178,293;0,0549171;
1180,222;0,0508987;
1182,150;0,0457198;
1184,079;0,0402336;
1186,007;0,0351521;
1187,936;0,0310701;
1189,864;0,0284349;
1191,793;0,0274398;
1193,721;0,0279324;
1195,650;0,0295093;
1197,578;0,0317525;
1199,506;0,0343807;
1201,435;0,0372009;
1203,363;0,0399724;
1205,292;0,0423477;
1207,220;0,0439505;
1209,149;0,0445316;
1211,077;0,0440991;
1213,006;0,0429623;
1214,934;0,0416448;
1216,863;0,0406662;
1218,791;0,0403127;
1220,720;0,0405625;
1222,648;0,0411745;
1224,577;0,0418226;
1226,505;0,0422125;
1228,433;0,0421902;
1230,362;0,0418143;
1232,290;0,0413319;
1234,219;0,0410655;
1236,147;0,0412833;
1238,076;0,0421107;
1240,004;0,0434983;
1241,933;0,045255;
1243,861;0,047143;
1245,790;0,0489927;
1247,718;0,050766;
1249,647;0,0525343;
1251,575;0,0544011;
1253,504;0,0564465;
1255,432;0,0587307;
1257,360;0,0613115;
1259,289;0,0642014;
1261,217;0,0672618;
1263,146;0,0700943;
1265,074;0,0719901;
1267,003;0,0719911;
1268,931;0,0691859;
1270,860;0,0633458;
1272,788;0,0555496;
1274,717;0,0478746;
1276,645;0,0420517;
1278,574;0,0385825;
1280,502;0,0371792;
1282,431;0,0376635;
1284,359;0,0404112;
1286,287;0,0460498;
1288,216;0,0544557;
1290,144;0,0638193;
1292,073;0,0710403;
1294,001;0,0733906;
1295,930;0,0698741;
1297,858;0,0614341;
1299,787;0,0504206;
1301,715;0,0398348;
1303,644;0,0325734;
1305,572;0,0307507;
1307,501;0,0350454;
1309,429;0,0441389;
1311,358;0,0550443;
1313,286;0,0649868;
1315,214;0,073223;
1317,143;0,0809051;
1319,071;0,0900912;
1321,000;0,103557;
1322,928;0,125166;
1324,857;0,159183;
1326,785;0,207326;
1328,714;0,266464;
1330,642;0,331986;
1332,571;0,403773;
1334,499;0,48768;
1336,428;0,592447;
1338,356;0,724469;
1340,285;0,880524;
1342,213;1,04081;
1344,141;1,17104;
1346,070;1,2399;
1347,998;1,23894;
1349,927;1,18382;
1351,855;1,0984;
1353,784;0,999598;
1355,712;0,892764;
1357,641;0,776338;
1359,569;0,652203;
1361,498;0,532917;
1363,426;0,434665;
1365,355;0,36393;
1367,283;0,315807;
1369,212;0,281203;
1371,140;0,252347;
1373,068;0,225101;
1374,997;0,199514;
1376,925;0,177858;
1378,854;0,161247;
1380,782;0,148761;
1382,711;0,139006;
1384,639;0,131158;
1386,568;0,124824;
1388,496;0,119478;
1390,425;0,114103;
1392,353;0,107529;
1394,282;0,0995973;
1396,210;0,0917386;
1398,139;0,0855678;
1400,067;0,0815074;
1401,995;0,0790967;
1403,924;0,0777242;
1405,852;0,0769119;
1407,781;0,0763453;
1409,709;0,0758574;
1411,638;0,0752924;
1413,566;0,0743383;
1415,495;0,0727913;
1417,423;0,0708747;
1419,352;0,0690219;
1421,280;0,067552;
1423,209;0,0665866;
1425,137;0,0661122;
1427,066;0,0660549;
1428,994;0,0663128;
1430,922;0,0667594;
1432,851;0,0672678;
1434,779;0,0677552;
1436,708;0,0682098;
1438,636;0,0686965;
1440,565;0,0693383;
1442,493;0,0702928;
1444,422;0,0717136;
1446,350;0,0737029;
1448,279;0,0762654;
1450,207;0,0792781;
1452,136;0,0824984;
1454,064;0,0856544;
1455,993;0,0886217;
1457,921;0,0915981;
1459,849;0,095109;
1461,778;0,0997773;
1463,706;0,106009;
1465,635;0,113847;
1467,563;0,123159;
1469,492;0,134065;
1471,420;0,147193;
1473,349;0,163298;
1475,277;0,182433;
1477,206;0,203666;
1479,134;0,225913;
1481,063;0,249334;
1482,991;0,276348;
1484,920;0,311801;
1486,848;0,361639;
1488,776;0,429678;
1490,705;0,514654;
1492,633;0,611638;
1494,562;0,716635;
1496,490;0,827932;
1498,419;0,941414;
1500,347;1,04198;
1502,276;1,09771;
1504,204;1,0724;
1506,133;0,960809;
1508,061;0,80222;
1509,990;0,644512;
1511,918;0,511833;
1513,847;0,406679;
1515,775;0,323424;
1517,703;0,256522;
1519,632;0,202999;
1521,560;0,161997;
1523,489;0,132921;
1525,417;0,113743;
1527,346;0,101145;
1529,274;0,0921197;
1531,203;0,0850609;
1533,131;0,0796597;
1535,060;0,0762564;
1536,988;0,0750644;
1538,917;0,0755249;
1540,845;0,076349;
1542,774;0,0761341;
1544,702;0,0736656;
1546,630;0,0677739;
1548,559;0,0574367;
1550,487;0,0427586;
1552,416;0,0264206;
1554,344;0,0130498;
1556,273;0,00545082;
1558,201;0,00269546;
1560,130;0,002341;
1562,058;0,00266083;
1563,987;0,00298255;
1565,915;0,00315784;
1567,844;0,00304994;
1569,772;0,00243013;
1571,701;0,00137819;
1573,629;0,000612099;
1575,557;0,00113126;
1577,486;0,00365995;
1579,414;0,00849728;
1581,343;0,0155972;
1583,271;0,024536;
1585,200;0,0343301;
1587,128;0,0434795;
1589,057;0,0506926;
1590,985;0,0558025;
1592,914;0,0598113;
1594,842;0,0642178;
1596,771;0,0704723;
1598,699;0,0797333;
1600,628;0,0928169;
1602,556;0,110462;
1604,484;0,133858;
1606,413;0,164735;
1608,341;0,204469;
1610,270;0,252789;
1612,198;0,307618;
1614,127;0,36706;
1616,055;0,432814;
1617,984;0,512313;
1619,912;0,616334;
1621,841;0,750549;
1623,769;0,903931;
1625,698;1,04406;
1627,626;1,12996;
1629,555;1,13589;
1631,483;1,064;
1633,412;0,937716;
1635,340;0,7876;
1637,268;0,640551;
1639,197;0,514251;
1641,125;0,415618;
1643,054;0,342662;
1644,982;0,288899;
1646,911;0,248053;
1648,839;0,216471;
1650,768;0,192591;
1652,696;0,175236;
1654,625;0,16277;
1656,553;0,153462;
1658,482;0,146113;
1660,410;0,140183;
1662,339;0,135427;
1664,267;0,131528;
1666,195;0,128058;
1668,124;0,124692;
1670,052;0,121353;
1671,981;0,118132;
1673,909;0,115124;
1675,838;0,112371;
1677,766;0,109948;
1679,695;0,108027;
1681,623;0,106794;
1683,552;0,106256;
1685,480;0,106161;
1687,409;0,10616;
1689,337;0,106032;
1691,266;0,105779;
1693,194;0,105553;
1695,122;0,105506;
1697,051;0,105693;
1698,979;0,106116;
1700,908;0,106848;
1702,836;0,10807;
1704,765;0,109955;
1706,693;0,11252;
1708,622;0,115555;
1710,550;0,118689;
1712,479;0,121578;
1714,407;0,124112;
1716,336;0,126498;
1718,264;0,129189;
1720,193;0,132656;
1722,121;0,137154;
1724,049;0,142619;
1725,978;0,148798;
1727,906;0,155478;
1729,835;0,162642;
1731,763;0,170465;
1733,692;0,179247;
1735,620;0,189323;
1737,549;0,201;
1739,477;0,214573;
1741,406;0,230371;
1743,334;0,2488;
1745,263;0,270305;
1747,191;0,295282;
1749,120;0,324048;
1751,048;0,356997;
1752,976;0,39491;
1754,905;0,439275;
1756,833;0,492367;
1758,762;0,557011;
1760,690;0,636308;
1762,619;0,733841;
1764,547;0,854741;
1766,476;1,00713;
1768,404;1,2027;
1770,333;1,45482;
1772,261;1,77355;
1774,190;2,15883;
1776,118;2,59528;
1778,047;3,05134;
1779,975;3,48304;
1781,903;3,84086;
1783,832;4,07872;
1785,760;4,16372;
1787,689;4,08477;
1789,617;3,85566;
1791,546;3,51165;
1793,474;3,10106;
1795,403;2,67445;
1797,331;2,27359;
1799,260;1,9236;
1801,188;1,6316;
1803,117;1,3919;
1805,045;1,19413;
1806,974;1,02921;
1808,902;0,89137;
1810,830;0,777079;
1812,759;0,683151;
1814,687;0,605927;
1816,616;0,541762;
1818,544;0,487896;
1820,473;0,442724;
1822,401;0,405245;
1824,330;0,374316;
1826,258;0,348391;
1828,187;0,325891;
1830,115;0,305702;
1832,044;0,287403;
1833,972;0,271014;
1835,901;0,256574;
1837,829;0,243891;
1839,757;0,232607;
1841,686;0,222426;
1843,614;0,213264;
1845,543;0,205188;
1847,471;0,198225;
1849,400;0,192213;
1851,328;0,186824;
1853,257;0,181728;
1855,185;0,176765;
1857,114;0,172;
1859,042;0,167636;
1860,971;0,163847;
1862,899;0,160664;
1864,828;0,157978;
1866,756;0,155641;
1868,684;0,153587;
1870,613;0,151865;
1872,541;0,150572;
1874,470;0,149748;
1876,398;0,149315;
1878,327;0,149115;
1880,255;0,149001;
1882,184;0,148913;
1884,112;0,148879;
1886,041;0,148976;
1887,969;0,149266;
1889,898;0,149792;
1891,826;0,15058;
1893,755;0,151671;
1895,683;0,153125;
1897,611;0,155005;
1899,540;0,157349;
1901,468;0,160154;
1903,397;0,163363;
1905,325;0,16688;
1907,254;0,170603;
1909,182;0,174476;
1911,111;0,178534;
1913,039;0,182921;
1914,968;0,187834;
1916,896;0,193443;
1918,825;0,199836;
1920,753;0,207032;
1922,682;0,215053;
1924,610;0,224003;
1926,538;0,234072;
1928,467;0,245465;
1930,395;0,258314;
1932,324;0,272624;
1934,252;0,288326;
1936,181;0,305389;
1938,109;0,323944;
1940,038;0,344334;
1941,966;0,367114;
1943,895;0,393017;
1945,823;0,422915;
1947,752;0,457802;
1949,680;0,498803;
1951,609;0,547195;
1953,537;0,604497;
1955,465;0,672489;
1957,394;0,753602;
1959,322;0,851009;
1961,251;0,968978;
1963,179;1,11314;
1965,108;1,2906;
1967,036;1,50953;
1968,965;1,7782;
1970,893;2,10299;
1972,822;2,48591;
1974,750;2,92197;
1976,679;3,3974;
1978,607;3,88904;
1980,536;4,36556;
1982,464;4,79008;
1984,392;5,12427;
1986,321;5,33346;
1988,249;5,39254;
1990,178;5,29137;
1992,106;5,03829;
1994,035;4,65984;
1995,963;4,19616;
1997,892;3,69294;
1999,820;3,19271;
2001,749;2,7279;
2003,677;2,31774;
2005,606;1,96903;
2007,534;1,67951;
2009,463;1,44208;
2011,391;1,24816;
2013,319;1,08968;
2015,248;0,959817;
2017,176;0,85303;
2019,105;0,764908;
2021,033;0,691947;
2022,962;0,631328;
2024,890;0,580701;
2026,819;0,53802;
2028,747;0,501522;
2030,676;0,469788;
2032,604;0,441792;
2034,533;0,416842;
2036,461;0,394432;
2038,390;0,374102;
2040,318;0,355429;
2042,246;0,338119;
2044,175;0,322122;
2046,103;0,307624;
2048,032;0,294896;
2049,960;0,284063;
2051,889;0,274964;
2053,817;0,267168;
2055,746;0,260149;
2057,674;0,253495;
2059,603;0,247034;
2061,531;0,240814;
2063,460;0,234995;
2065,388;0,229722;
2067,317;0,225069;
2069,245;0,221051;
2071,173;0,217663;
2073,102;0,21489;
2075,030;0,212689;
2076,959;0,21095;
2078,887;0,209586;
2080,816;0,208488;
2082,744;0,207626;
2084,673;0,207059;
2086,601;0,206852;
2088,530;0,207023;
2090,458;0,207521;
2092,387;0,208274;
2094,315;0,209241;
2096,244;0,210432;
2098,172;0,211879;
2100,101;0,21361;
2102,029;0,215641;
2103,957;0,218014;
2105,886;0,220807;
2107,814;0,224106;
2109,743;0,227956;
2111,671;0,232339;
2113,600;0,237197;
2115,528;0,242485;
2117,457;0,248214;
2119,385;0,254473;
2121,314;0,261438;
2123,242;0,269364;
2125,171;0,278533;
2127,099;0,289142;
2129,028;0,301202;
2130,956;0,314521;
2132,884;0,328812;
2134,813;0,343862;
2136,741;0,359597;
2138,670;0,376024;
2140,598;0,393152;
2142,527;0,41103;
2144,455;0,429911;
2146,384;0,450337;
2148,312;0,472958;
2150,241;0,498167;
2152,169;0,525874;
2154,098;0,555689;
2156,026;0,587434;
2157,955;0,621558;
2159,883;0,659134;
2161,811;0,701466;
2163,740;0,749706;
2165,668;0,804778;
2167,597;0,867505;
2169,525;0,938689;
2171,454;1,01911;
2173,382;1,10975;
2175,311;1,21248;
2177,239;1,33044;
2179,168;1,46714;
2181,096;1,62367;
2183,025;1,79554;
2184,953;1,97176;
2186,882;2,13837;
2188,810;2,28534;
2190,738;2,41177;
2192,667;2,52359;
2194,595;2,62245;
2196,524;2,69329;
2198,452;2,70362;
2200,381;2,61763;
2202,309;2,41564;
2204,238;2,1076;
2206,166;1,73446;
2208,095;1,35634;
2210,023;1,03108;
2211,952;0,792613;
2213,880;0,642512;
2215,809;0,559803;
2217,737;0,518468;
2219,665;0,499536;
2221,594;0,493855;
2223,522;0,498479;
2225,451;0,511727;
2227,379;0,530585;
2229,308;0,551019;
2231,236;0,569379;
2233,165;0,583132;
2235,093;0,590597;
2237,022;0,590548;
2238,950;0,582364;
2240,879;0,56657;
2242,807;0,545044;
2244,736;0,520495;
2246,664;0,495518;
2248,592;0,471874;
2250,521;0,450369;
2252,449;0,431178;
2254,378;0,414115;
2256,306;0,398835;
2258,235;0,384966;
2260,163;0,372241;
2262,092;0,360593;
2264,020;0,350116;
2265,949;0,340877;
2267,877;0,332758;
2269,806;0,325475;
2271,734;0,318753;
2273,663;0,312529;
2275,591;0,306937;
2277,519;0,302192;
2279,448;0,298374;
2281,376;0,295357;
2283,305;0,29289;
2285,233;0,290756;
2287,162;0,288884;
2289,090;0,287358;
2291,019;0,286331;
2292,947;0,285931;
2294,876;0,286184;
2296,804;0,287024;
2298,733;0,288354;
2300,661;0,290125;
2302,590;0,29237;
2304,518;0,295151;
2306,446;0,298467;
2308,375;0,302215;
2310,303;0,306252;
2312,232;0,310528;
2314,160;0,31518;
2316,089;0,320498;
2318,017;0,326761;
2319,946;0,334085;
2321,874;0,34238;
2323,803;0,351472;
2325,731;0,361283;
2327,660;0,371938;
2329,588;0,383735;
2331,517;0,396999;
2333,445;0,411952;
2335,373;0,428672;
2337,302;0,44716;
2339,230;0,467464;
2341,159;0,489768;
2343,087;0,514417;
2345,016;0,541873;
2346,944;0,57266;
2348,873;0,607337;
2350,801;0,646523;
2352,730;0,690959;
2354,658;0,741577;
2356,587;0,799534;
2358,515;0,866202;
2360,444;0,943142;
2362,372;1,03212;
2364,300;1,13519;
2366,229;1,25489;
2368,157;1,3944;
2370,086;1,55786;
2372,014;1,75045;
2373,943;1,97848;
2375,871;2,24929;
2377,800;2,57085;
2379,728;2,95094;
2381,657;3,39586;
2383,585;3,90849;
2385,514;4,48597;
2387,442;5,11715;
2389,371;5,78042;
2391,299;6,4427;
2393,227;7,06046;
2395,156;7,58355;
2397,084;7,96185;
2399,013;8,15392;
2400,941;8,13557;
2402,870;7,9058;
2404,798;7,48794;
2406,727;6,92536;
2408,655;6,27279;
2410,584;5,58604;
2412,512;4,91292;
2414,441;4,28775;
2416,369;3,73001;
2418,298;3,24639;
2420,226;2,83461;
2422,154;2,48737;
2424,083;2,19548;
2426,011;1,94978;
2427,940;1,74218;
2429,868;1,56594;
2431,797;1,41563;
2433,725;1,28694;
2435,654;1,17641;
2437,582;1,08113;
2439,511;0,998627;
2441,439;0,926765;
2443,368;0,863755;
2445,296;0,808171;
2447,225;0,75892;
2449,153;0,715168;
2451,081;0,676242;
2453,010;0,641588;
2454,938;0,610758;
2456,867;0,583423;
2458,795;0,559346;
2460,724;0,538289;
2462,652;0,519927;
2464,581;0,503824;
2466,509;0,489511;
2468,438;0,476611;
2470,366;0,464927;
2472,295;0,4544;
2474,223;0,445002;
2476,152;0,436627;
2478,080;0,42908;
2480,008;0,422162;
2481,937;0,415771;
2483,865;0,409922;
2485,794;0,404695;
2487,722;0,400146;
2489,651;0,396279;
2491,579;0,393084;
2493,508;0,3906;
2495,436;0,388928;
2497,365;0,388176;
2499,293;0,388379;
2501,222;0,389468;
2503,150;0,391311;
2505,079;0,393795;
2507,007;0,396884;
2508,935;0,400609;
2510,864;0,404993;
2512,792;0,409989;
2514,721;0,415459;
2516,649;0,42123;
2518,578;0,427184;
2520,506;0,433346;
2522,435;0,439935;
2524,363;0,447361;
2526,292;0,456157;
2528,220;0,466878;
2530,149;0,479993;
2532,077;0,495808;
2534,006;0,514459;
2535,934;0,535948;
2537,862;0,560228;
2539,791;0,587265;
2541,719;0,617094;
2543,648;0,649866;
2545,576;0,685899;
2547,505;0,725735;
2549,433;0,770163;
2551,362;0,820207;
2553,290;0,877083;
2555,219;0,942169;
2557,147;1,01703;
2559,076;1,10353;
2561,004;1,20395;
2562,933;1,32124;
2564,861;1,45915;
2566,790;1,62252;
2568,718;1,81735;
2570,646;2,05084;
2572,575;2,33111;
2574,503;2,66662;
2576,432;3,0655;
2578,360;3,53448;
2580,289;4,07756;
2582,217;4,69386;
2584,146;5,37464;
2586,074;6,09987;
2588,003;6,83543;
2589,931;7,53298;
2591,860;8,13361;
2593,788;8,57612;
2595,717;8,80828;
2597,645;8,79837;
2599,573;8,54333;
2601,502;8,07057;
2603,430;7,43253;
2605,359;6,69554;
2607,287;5,92661;
2609,216;5,18198;
2611,144;4,50029;
2613,073;3,90115;
2615,001;3,38827;
2616,930;2,955;
2618,858;2,59004;
2620,787;2,28185;
2622,715;2,02077;
2624,644;1,79939;
2626,572;1,6119;
2628,500;1,45316;
2630,429;1,31834;
2632,357;1,20293;
2634,286;1,1031;
2636,214;1,01602;
2638,143;0,939861;
2640,071;0,873536;
2642,000;0,81633;
2643,928;0,767507;
2645,857;0,726096;
2647,785;0,690871;
2649,714;0,660484;
2651,642;0,633685;
2653,571;0,6095;
2655,499;0,58732;
2657,427;0,566866;
2659,356;0,548089;
2661,284;0,531052;
2663,213;0,515855;
2665,141;0,502585;
2667,070;0,491265;
2668,998;0,481796;
2670,927;0,47394;
2672,855;0,467411;
2674,784;0,462049;
2676,712;0,458012;
2678,641;0,455819;
2680,569;0,456193;
2682,498;0,459769;
2684,426;0,466835;
2686,354;0,477208;
2688,283;0,490214;
2690,211;0,504582;
2692,140;0,518182;
2694,068;0,527718;
2695,997;0,52879;
2697,925;0,516667;
2699,854;0,487786;
2701,782;0,441448;
2703,711;0,380816;
2705,639;0,312533;
2707,568;0,24496;
2709,496;0,185821;
2711,425;0,140324;
2713,353;0,110471;
2715,281;0,0955913;
2717,210;0,0935281;
2719,138;0,101768;
2721,067;0,118042;
2722,995;0,140382;
2724,924;0,166923;
2726,852;0,195799;
2728,781;0,225264;
2730,709;0,25393;
2732,638;0,280919;
2734,566;0,305811;
2736,495;0,32844;
2738,423;0,348682;
2740,352;0,366331;
2742,280;0,381089;
2744,208;0,392581;
2746,137;0,400365;
2748,065;0,40394;
2749,994;0,402821;
2751,922;0,396693;
2753,851;0,385556;
2755,779;0,369755;
2757,708;0,349812;
2759,636;0,326182;
2761,565;0,299089;
2763,493;0,268649;
2765,422;0,235217;
2767,350;0,199773;
2769,279;0,164039;
2771,207;0,130175;
2773,135;0,100185;
2775,064;0,0753328;
2776,992;0,0558911;
2778,921;0,0413133;
2780,849;0,0306719;
2782,778;0,0230783;
2784,706;0,0178812;
2786,635;0,0146249;
2788,563;0,0129044;
2790,492;0,0122838;
2792,420;0,0123458;
2794,349;0,0128238;
2796,277;0,0137012;
2798,206;0,015203;
2800,134;0,0176844;
2802,062;0,0214972;
2803,991;0,0269241;
2805,919;0,0342277;
2807,848;0,0437941;
2809,776;0,0562889;
2811,705;0,0727091;
2813,633;0,0942333;
2815,562;0,121853;
2817,490;0,155903;
2819,419;0,195719;
2821,347;0,239663;
2823,276;0,285575;
2825,204;0,331514;
2827,133;0,376424;
2829,061;0,420445;
2830,989;0,464741;
2832,918;0,511022;
2834,846;0,561075;
2836,775;0,616551;
2838,703;0,679096;
2840,632;0,750657;
2842,560;0,833813;
2844,489;0,931989;
2846,417;1,04957;
2848,346;1,19196;
2850,274;1,36561;
2852,203;1,57804;
2854,131;1,83779;
2856,060;2,15431;
2857,988;2,53729;
2859,916;2,99537;
2861,845;3,53333;
2863,773;4,14824;
2865,702;4,82515;
2867,630;5,53437;
2869,559;6,23212;
2871,487;6,86553;
2873,416;7,38082;
2875,344;7,73249;
2877,273;7,89082;
2879,201;7,84633;
2881,130;7,61058;
2883,058;7,21366;
2884,987;6,69857;
2886,915;6,11354;
2888,843;5,50413;
2890,772;4,90743;
2892,700;4,34941;
2894,629;3,8454;
2896,557;3,40211;
2898,486;3,01997;
2900,414;2,69513;
2902,343;2,42108;
2904,271;2,19024;
2906,200;1,99519;
2908,128;1,82957;
2910,057;1,68833;
2911,985;1,5674;
2913,914;1,46338;
2915,842;1,37325;
2917,770;1,29442;
2919,699;1,22483;
2921,627;1,16303;
2923,556;1,10808;
2925,484;1,05933;
2927,413;1,01626;
2929,341;0,978322;
2931,270;0,944935;
2933,198;0,915477;
2935,127;0,889341;
2937,055;0,866013;
2938,984;0,845149;
2940,912;0,826606;
2942,841;0,810401;
2944,769;0,796598;
2946,697;0,785176;
2948,626;0,775959;
2950,554;0,768658;
2952,483;0,762978;
2954,411;0,758757;
2956,340;0,756009;
2958,268;0,754866;
2960,197;0,75544;
2962,125;0,757718;
2964,054;0,761557;
2965,982;0,766797;
2967,911;0,773406;
2969,839;0,781535;
2971,768;0,791433;
2973,696;0,80328;
2975,624;0,817071;
2977,553;0,832662;
2979,481;0,849931;
2981,410;0,868932;
2983,338;0,889906;
2985,267;0,913161;
2987,195;0,938947;
2989,124;0,967462;
2991,052;0,998992;
2992,981;1,03405;
2994,909;1,07337;
2996,838;1,11765;
2998,766;1,16734;
3000,695;1,22254;
3002,623;1,28321;
3004,551;1,3496;
3006,480;1,42259;
3008,408;1,5038;
3010,337;1,59532;
3012,265;1,69935;
3014,194;1,81787;
3016,122;1,95267;
3018,051;2,10568;
3019,979;2,27932;
3021,908;2,43871;
3023,836;2,65918;
3025,765;2,91167;
3027,693;3,20215;
3029,622;3,53743;
3031,550;3,92481;
3033,479;4,37142;
3035,407;4,88299;
3037,335;5,46234;
3039,264;6,10788;
3041,192;6,8128;
3043,121;7,56488;
3045,049;8,34677;
3046,978;9,13591;
3048,906;9,90401;
3050,835;10,6166;
3052,763;11,2341;
3054,692;11,7158;
3056,620;12,0255;
3058,549;12,1388;
3060,477;12,0482;
3062,406;11,7641;
3064,334;11,3125;
3066,262;10,7287;
3068,191;10,052;
3070,119;9,32025;
3072,048;8,5671;
3073,976;7,8203;
3075,905;7,1011;
3077,833;6,425;
3079,762;5,80206;
3081,690;5,23781;
3083,619;4,73367;
3085,547;4,28772;
3087,476;3,89562;
3089,404;3,55158;
3091,333;3,24961;
3093,261;2,98438;
3095,189;2,75152;
3097,118;2,54734;
3099,046;2,36829;
3100,975;2,2109;
3102,903;2,07176;
3104,832;1,94791;
3106,760;1,8373;
3108,689;1,73862;
3110,617;1,65089;
3112,546;1,57295;
3114,474;1,50336;
3116,403;1,4405;
3118,331;1,383;
3120,260;1,32994;
3122,188;1,28093;
3124,116;1,23624;
3126,045;1,19637;
3127,973;1,16173;
3129,902;1,13237;
3131,830;1,10771;
3133,759;1,08647;
3135,687;1,06705;
3137,616;1,04816;
3139,544;1,0295;
3141,473;1,01182;
3143,401;0,996501;
3145,330;0,984533;
3147,258;0,975819;
3149,187;0,969333;
3151,115;0,963696;
3153,043;0,95809;
3154,972;0,952739;
3156,900;0,948644;
3158,829;0,946856;
3160,757;0,947808;
3162,686;0,951168;
3164,614;0,956187;
3166,543;0,962237;
3168,471;0,969131;
3170,400;0,97708;
3172,328;0,98642;
3174,257;0,997375;
3176,185;1,00999;
3178,114;1,02425;
3180,042;1,04023;
3181,970;1,05811;
3183,899;1,07837;
3185,827;1,10148;
3187,756;1,12786;
3189,684;1,15778;
3191,613;1,1914;
3193,541;1,22875;
3195,470;1,2699;
3197,398;1,31502;
3199,327;1,36444;
3201,255;1,41862;
3203,184;1,47809;
3205,112;1,54342;
3207,041;1,61528;
3208,969;1,6945;
3210,897;1,78228;
3212,826;1,88021;
3214,754;1,99022;
3216,683;2,11448;
3218,611;2,25514;
3220,540;2,41414;
3222,468;2,59323;
3224,397;2,79402;
3226,325;3,01808;
3228,254;3,26713;
3230,182;3,54278;
3232,111;3,84615;
3234,039;4,17702;
3235,968;4,5328;
3237,896;4,90768;
3239,824;5,29226;
3241,753;5,67394;
3243,681;6,03816;
3245,610;6,37009;
3247,538;6,6575;
3249,467;6,8947;
3251,395;7,08365;
3253,324;7,23526;
3255,252;7,36814;
3257,181;7,50441;
3259,109;7,66359;
3261,038;7,85646;
3262,966;8,08132;
3264,895;8,32427;
3266,823;8,56301;
3268,751;8,77101;
3270,680;8,92383;
3272,608;9,00252;
3274,537;8,9919;
3276,465;8,88219;
3278,394;8,6704;
3280,322;8,36178;
3282,251;7,97015;
3284,179;7,5163;
3286,108;7,02434;
3288,036;6,51719;
3289,965;6,01334;
3291,893;5,52617;
3293,822;5,06546;
3295,750;4,63917;
3297,678;4,25379;
3299,607;3,91293;
3301,535;3,61559;
3303,464;3,35607;
3305,392;3,12611;
3307,321;2,91819;
3309,249;2,72794;
3311,178;2,5543;
3313,106;2,39793;
3315,035;2,25913;
3316,963;2,1368;
3318,892;2,02858;
3320,820;1,9318;
3322,749;1,84425;
3324,677;1,76437;
3326,605;1,6912;
3328,534;1,62416;
3330,462;1,56298;
3332,391;1,5077;
3334,319;1,45856;
3336,248;1,41571;
3338,176;1,3789;
3340,105;1,3473;
3342,033;1,31947;
3343,962;1,29381;
3345,890;1,26902;
3347,819;1,24466;
3349,747;1,22121;
3351,676;1,19967;
3353,604;1,18108;
3355,532;1,16614;
3357,461;1,15517;
3359,389;1,1483;
3361,318;1,1454;
3363,246;1,14578;
3365,175;1,14815;
3367,103;1,15081;
3369,032;1,15238;
3370,960;1,15236;
3372,889;1,15135;
3374,817;1,15084;
3376,746;1,1528;
3378,674;1,1593;
3380,603;1,17191;
3382,531;1,1909;
3384,459;1,21484;
3386,388;1,24087;
3388,316;1,26586;
3390,245;1,28809;
3392,173;1,30803;
3394,102;1,32811;
3396,030;1,35157;
3397,959;1,38138;
3399,887;1,41988;
3401,816;1,46815;
3403,744;1,52518;
3405,673;1,58724;
3407,601;1,64847;
3409,530;1,70321;
3411,458;1,74923;
3413,386;1,78995;
3415,315;1,83418;
3417,243;1,89329;
3419,172;1,97715;
3421,100;2,09097;
3423,029;2,23392;
3424,957;2,39931;
3426,886;2,57615;
3428,814;2,75277;
3430,743;2,92196;
3432,671;3,08559;
3434,600;3,25561;
3436,528;3,45027;
3438,457;3,68726;
3440,385;3,97825;
3442,313;4,32848;
3444,242;4,73992;
3446,170;5,21291;
3448,099;5,74414;
3450,027;6,32385;
3451,956;6,93686;
3453,884;7,5681;
3455,813;8,20865;
3457,741;8,85734;
3459,670;9,51701;
3461,598;10,1891;
3463,527;10,8701;
3465,455;11,5497;
3467,384;12,2089;
3469,312;12,8161;
3471,240;13,3244;
3473,169;13,678;
3475,097;13,8295;
3477,026;13,7611;
3478,954;13,4985;
3480,883;13,1061;
3482,811;12,663;
3484,740;12,2289;
3486,668;11,8154;
3488,597;11,3842;
3490,525;10,8767;
3492,454;10,2515;
3494,382;9,50408;
3496,311;8,66584;
3498,239;7,79239;
3500,168;6,95129;
3502,096;6,21129;
3504,024;5,62306;
3505,953;5,1942;
3507,881;4,88604;
3509,810;4,64031;
3511,738;4,40874;
3513,667;4,16585;
3515,595;3,90638;
3517,524;3,6362;
3519,452;3,36438;
3521,381;3,09977;
3523,309;2,85185;
3525,238;2,63385;
3527,166;2,46171;
3529,095;2,34406;
3531,023;2,27134;
3532,951;2,21967;
3534,880;2,16545;
3536,808;2,09627;
3538,737;2,01301;
3540,665;1,92628;
3542,594;1,84974;
3544,522;1,79241;
3546,451;1,75378;
3548,379;1,72593;
3550,308;1,69978;
3552,236;1,66987;
3554,165;1,63535;
3556,093;1,5986;
3558,022;1,56316;
3559,950;1,53217;
3561,878;1,50747;
3563,807;1,48936;
3565,735;1,4769;
3567,664;1,4684;
3569,592;1,46193;
3571,521;1,45598;
3573,449;1,44979;
3575,378;1,44325;
3577,306;1,4364;
3579,235;1,42924;
3581,163;1,42225;
3583,092;1,41721;
3585,020;1,41721;
3586,949;1,42516;
3588,877;1,44143;
3590,805;1,46296;
3592,734;1,48526;
3594,662;1,50567;
3596,591;1,5254;
3598,519;1,54918;
3600,448;1,58263;
3602,376;1,6285;
3604,305;1,68478;
3606,233;1,74663;
3608,162;1,80965;
3610,090;1,87167;
3612,019;1,93294;
3613,947;1,9957;
3615,876;2,0635;
3617,804;2,13997;
3619,732;2,2271;
3621,661;2,3241;
3623,589;2,42809;
3625,518;2,53674;
3627,446;2,65092;
3629,375;2,77556;
3631,303;2,91795;
3633,232;3,08422;
3635,160;3,27579;
3637,089;3,48864;
3639,017;3,7168;
3640,946;3,95736;
3642,874;4,21288;
3644,803;4,49095;
3646,731;4,80304;
3648,659;5,16462;
3650,588;5,59552;
3652,516;6,11615;
3654,445;6,73494;
3656,373;7,43442;
3658,302;8,17479;
3660,230;8,91887;
3662,159;9,65511;
3664,087;10,4025;
3666,016;11,2023;
3667,944;12,1014;
3669,873;13,1237;
3671,801;14,2342;
3673,730;15,3317;
3675,658;16,3018;
3677,586;17,0839;
3679,515;17,6824;
3681,443;18,13;
3683,372;18,451;
3685,300;18,6373;
3687,229;18,6373;
3689,157;18,3738;
3691,086;17,8116;
3693,014;17,0251;
3694,943;16,1643;
3696,871;15,3481;
3698,800;14,6057;
3700,728;13,8873;
3702,657;13,0986;
3704,585;12,1615;
3706,513;11,1014;
3708,442;10,0656;
3710,370;9,19581;
3712,299;8,51673;
3714,227;7,96701;
3716,156;7,47211;
3718,084;6,9827;
3720,013;6,48725;
3721,941;6,00747;
3723,870;5,57335;
3725,798;5,19739;
3727,727;4,87277;
3729,655;4,58725;
3731,584;4,33179;
3733,512;4,1006;
3735,440;3,88844;
3737,369;3,69035;
3739,297;3,50388;
3741,226;3,33108;
3743,154;3,17713;
3745,083;3,04657;
3747,011;2,94021;
3748,940;2,85383;
3750,868;2,7783;
3752,797;2,70158;
3754,725;2,61408;
3756,654;2,51519;
3758,582;2,41405;
3760,511;2,3228;
3762,439;2,24957;
3764,367;2,19612;
3766,296;2,15878;
3768,224;2,13059;
3770,153;2,10443;
3772,081;2,07623;
3774,010;2,04639;
3775,938;2,01819;
3777,867;1,99487;
3779,795;1,97767;
3781,724;1,96565;
3783,652;1,95664;
3785,581;1,94874;
3787,509;1,9415;
3789,438;1,93613;
3791,366;1,93475;
3793,294;1,93904;
3795,223;1,9492;
3797,151;1,96378;
3799,080;1,98033;
3801,008;1,9969;
3802,937;2,01322;
3804,865;2,03075;
3806,794;2,05189;
3808,722;2,07864;
3810,651;2,11195;
3812,579;2,15152;
3814,508;2,19627;
3816,436;2,24516;
3818,365;2,29795;
3820,293;2,35537;
3822,221;2,41892;
3824,150;2,4901;
3826,078;2,56975;
3828,007;2,65786;
3829,935;2,754;
3831,864;2,85817;
3833,792;2,9713;
3835,721;3,09525;
3837,649;3,23231;
3839,578;3,38461;
3841,506;3,55388;
3843,435;3,74138;
3845,363;3,94806;
3847,292;4,17497;
3849,220;4,42365;
3851,148;4,69666;
3853,077;4,99786;
3855,005;5,26511;
3856,934;5,63042;
3858,862;6,03583;
3860,791;6,48445;
3862,719;6,97824;
3864,648;7,51878;
3866,576;8,10816;
3868,505;8,74896;
3870,433;9,44294;
3872,362;10,1891;
3874,290;10,9822;
3876,219;11,8123;
3878,147;12,6653;
3880,075;13,5241;
3882,004;14,369;
3883,932;15,1782;
3885,861;15,9291;
3887,789;16,5989;
3889,718;17,1668;
3891,646;17,6143;
3893,575;17,9262;
3895,503;18,0912;
3897,432;18,1024;
3899,360;17,9589;
3901,289;17,666;
3903,217;17,2346;
3905,146;16,6802;
3907,074;16,0218;
3909,002;15,2807;
3910,931;14,4801;
3912,859;13,6432;
3914,788;12,7928;
3916,716;11,9491;
3918,645;11,1292;
3920,573;10,3461;
3922,502;9,60907;
3924,430;8,92319;
3926,359;8,29042;
3928,287;7,71037;
3930,216;7,18125;
3932,144;6,70054;
3934,073;6,26515;
3936,001;5,87145;
3937,929;5,51539;
3939,858;5,19288;
3941,786;4,90025;
3943,715;4,63454;
3945,643;4,39349;
3947,572;4,17516;
3949,500;3,97759;
3951,429;3,79861;
3953,357;3,63599;
3955,286;3,4877;
3957,214;3,3522;
3959,143;3,22851;
3961,071;3,11605;
3963,000;3,01432;
3964,928;2,92263;
3966,857;2,83991;
3968,785;2,76482;
3970,713;2,69612;
3972,642;2,63299;
3974,570;2,57525;
3976,499;2,52325;
3978,427;2,47741;
3980,356;2,43779;
3982,284;2,40379;
3984,213;2,37433;
3986,141;2,34826;
3988,070;2,32484;
3989,998;2,30393;
3991,927;2,28593;
3993,855;2,27136;
3995,784;2,2606;
3997,712;2,25374;
3999,640;2,25062;
4001,569;2,251;
4003,497;2,25468;
4005,426;2,26157;
4007,354;2,27168;
4009,283;2,28522;
4011,211;2,3025;
4013,140;2,32388;
4015,068;2,34957;
4016,997;2,37949;
4018,925;2,41337;
4020,854;2,45098;
4022,782;2,49243;
4024,711;2,53833;
4026,639;2,5896;
4028,567;2,64713;
4030,496;2,71146;
4032,424;2,78273;
4034,353;2,86091;
4036,281;2,94609;
4038,210;3,03872;
4040,138;3,13961;
4042,067;3,24977;
4043,995;3,37029;
4045,924;3,50223;
4047,852;3,64667;
4049,781;3,80474;
4051,709;3,97764;
4053,638;4,16669;
4055,566;4,37336;
4057,494;4,59938;
4059,423;4,84678;
4061,351;5,11794;
4063,280;5,41548;
4065,208;5,74235;
4067,137;6,10175;
4069,065;6,49714;
4070,994;6,93212;
4072,922;7,41015;
4074,851;7,93419;
4076,779;8,50626;
4078,708;9,12714;
4080,636;9,79599;
4082,565;10,5101;
4084,493;11,2644;
4086,421;12,0513;
4088,350;12,8604;
4090,278;13,6779;
4092,207;14,4875;
4094,135;15,2701;
4096,064;16,0052;
4097,992;16,6721;
4099,921;17,2505;
4101,849;17,7219;
4103,778;18,0709;
4105,706;18,2859;
4107,635;18,3602;
4109,563;18,2928;
4111,492;18,0886;
4113,420;17,7586;
4115,348;17,3181;
4117,277;16,7854;
4119,205;16,1795;
4121,134;15,5187;
4123,062;14,8198;
4124,991;14,098;
4126,919;13,3676;
4128,848;12,6419;
4130,776;11,9327;
4132,705;11,2491;
4134,633;10,5964;
4136,562;9,9768;
4138,490;9,3899;
4140,419;8,83471;
4142,347;8,31078;
4144,275;7,81861;
4146,204;7,35915;
4148,132;6,93294;
4150,061;6,5395;
4151,989;6,17738;
4153,918;5,84453;
4155,846;5,53885;
4157,775;5,25839;
4159,703;5,00141;
4161,632;4,76628;
4163,560;4,55144;
4165,489;4,35541;
4167,417;4,17681;
4169,346;4,01425;
4171,274;3,8663;
4173,202;3,73145;
4175,131;3,60829;
4177,059;3,49558;
4178,988;3,3924;
4180,916;3,29803;
4182,845;3,21187;
4184,773;3,13334;
4186,702;3,06185;
4188,630;2,99689;
4190,559;2,9381;
4192,487;2,88535;
4194,416;2,83864;
4196,344;2,79795;
4198,273;2,76316;
4200,201;2,7338;
4202,129;2,70918;
4204,058;2,68846;
4205,986;2,67101;
4207,915;2,65661;
4209,843;2,64545;
4211,772;2,63793;
4213,700;2,63436;
4215,629;2,63475;
4217,557;2,63898;
4219,486;2,64701;
4221,414;2,65906;
4223,343;2,67557;
4225,271;2,69686;
4227,200;2,72287;
4229,128;2,7532;
4231,056;2,78749;
4232,985;2,82577;
4234,913;2,86871;
4236,842;2,91734;
4238,770;2,97256;
4240,699;3,03482;
4242,627;3,10408;
4244,556;3,18018;
4246,484;3,26331;
4248,413;3,3541;
4250,341;3,45356;
4252,270;3,56273;
4254,198;3,68247;
4256,127;3,81346;
4258,055;3,95646;
4259,983;4,11251;
4261,912;4,28306;
4263,840;4,46996;
4265,769;4,67528;
4267,697;4,90127;
4269,626;5,15014;
4271,554;5,42405;
4273,483;5,72506;
4275,411;6,05536;
4277,340;6,41742;
4279,268;6,81419;
4281,197;7,24897;
4283,125;7,72501;
4285,054;8,24498;
4286,982;8,81057;
4288,910;9,42247;
4290,839;10,0805;
4292,767;10,7837;
4294,696;11,5298;
4296,624;12,3148;
4298,553;13,1322;
4300,481;13,973;
4302,410;14,8254;
4304,338;15,6757;
4306,267;16,5086;
4308,195;17,3072;
4310,124;18,0529;
4312,052;18,726;
4313,981;19,3067;
4315,909;19,7761;
4317,837;20,1184;
4319,766;20,3215;
4321,694;20,3786;
4323,623;20,2878;
4325,551;20,0528;
4327,480;19,6822;
4329,408;19,1891;
4331,337;18,5903;
4333,265;17,9052;
4335,194;17,1538;
4337,122;16,3563;
4339,051;15,5316;
4340,979;14,6967;
4342,908;13,8668;
4344,836;13,054;
4346,764;12,2683;
4348,693;11,5168;
4350,621;10,8048;
4352,550;10,1355;
4354,478;9,51084;
4356,407;8,9313;
4358,335;8,39637;
4360,264;7,90447;
4362,192;7,45331;
4364,121;7,04015;
4366,049;6,66215;
4367,978;6,31644;
4369,906;6,00034;
4371,835;5,71136;
4373,763;5,44725;
4375,691;5,20614;
4377,620;4,98638;
4379,548;4,78645;
4381,477;4,60476;
4383,405;4,43958;
4385,334;4,28906;
4387,262;4,15148;
4389,191;4,02543;
4391,119;3,90999;
4393,048;3,80465;
4394,976;3,70911;
4396,905;3,62296;
4398,833;3,54549;
4400,762;3,47563;
4402,690;3,41221;
4404,618;3,35436;
4406,547;3,30173;
4408,475;3,25456;
4410,404;3,21328;
4412,332;3,17815;
4414,261;3,14889;
4416,189;3,12484;
4418,118;3,10532;
4420,046;3,08996;
4421,975;3,07891;
4423,903;3,07258;
4425,832;3,07135;
4427,760;3,07534;
4429,689;3,08445;
4431,617;3,0985;
4433,546;3,11741;
4435,474;3,14116;
4437,402;3,16976;
4439,331;3,20317;
4441,259;3,24137;
4443,188;3,28451;
4445,116;3,33282;
4447,045;3,38658;
4448,973;3,44603;
4450,902;3,51145;
4452,830;3,58336;
4454,759;3,6627;
4456,687;3,75073;
4458,616;3,8487;
4460,544;3,95744;
4462,473;4,07723;
4464,401;4,20804;
4466,329;4,35;
4468,258;4,50387;
4470,186;4,67113;
4472,115;4,85371;
4474,043;5,05355;
4475,972;5,27231;
4477,900;5,51139;
4479,829;5,77225;
4481,757;6,05672;
4483,686;6,36717;
4485,614;6,70632;
4487,543;7,0769;
4489,471;7,48121;
4491,400;7,92098;
4493,328;8,39745;
4495,256;8,91148;
4497,185;9,46362;
4499,113;10,0539;
4501,042;10,6816;
4502,970;11,3443;
4504,899;12,0383;
4506,827;12,758;
4508,756;13,4964;
4510,684;14,245;
4512,613;14,9943;
4514,541;15,7339;
4516,470;16,4525;
4518,398;17,1382;
4520,327;17,7789;
4522,255;18,3628;
4524,183;18,8789;
4526,112;19,3172;
4528,040;19,6687;
4529,969;19,9251;
4531,897;20,0788;
4533,826;20,124;
4535,754;20,0568;
4537,683;19,8769;
4539,611;19,588;
4541,540;19,1969;
4543,468;18,7132;
4545,397;18,1478;
4547,325;17,5127;
4549,254;16,8206;
4551,182;16,0861;
4553,110;15,3244;
4555,039;14,5513;
4556,967;13,7813;
4558,896;13,0267;
4560,824;12,2972;
4562,753;11,5995;
4564,681;10,9383;
4566,610;10,3163;
4568,538;9,73439;
4570,467;9,19214;
4572,395;8,68805;
4574,324;8,22043;
4576,252;7,78787;
4578,181;7,38933;
4580,109;7,0237;
4582,037;6,68924;
4583,966;6,38338;
4585,894;6,10304;
4587,823;5,84527;
4589,751;5,60788;
4591,680;5,38961;
4593,608;5,18973;
4595,537;5,00746;
4597,465;4,84145;
4599,394;4,68981;
4601,322;4,5506;
4603,251;4,42234;
4605,179;4,30438;
4607,108;4,19669;
4609,036;4,09928;
4610,964;4,01174;
4612,893;3,93305;
4614,821;3,8619;
4616,750;3,79722;
4618,678;3,73853;
4620,607;3,6859;
4622,535;3,63953;
4624,464;3,59947;
4626,392;3,56539;
4628,321;3,53683;
4630,249;3,51346;
4632,178;3,49523;
4634,106;3,48227;
4636,035;3,47472;
4637,963;3,47252;
4639,891;3,47548;
4641,820;3,4834;
4643,748;3,49625;
4645,677;3,51422;
4647,605;3,53763;
4649,534;3,56673;
4651,462;3,60157;
4653,391;3,64203;
4655,319;3,68793;
4657,248;3,73929;
4659,176;3,79652;
4661,105;3,86038;
4663,033;3,93188;
4664,962;4,01188;
4666,890;4,10093;
4668,818;4,19922;
4670,747;4,30678;
4672,675;4,42386;
4674,604;4,55125;
4676,532;4,69024;
4678,461;4,84238;
4680,389;5,00903;
4682,318;5,19116;
4684,246;5,38936;
4686,175;5,60424;
4688,103;5,83684;
4690,032;6,08894;
4691,960;6,3629;
4693,889;6,66136;
4695,817;6,98682;
4697,745;7,34139;
4699,674;7,72681;
4701,602;8,14458;
4703,531;8,59611;
4705,459;9,08274;
4707,388;9,60561;
4709,316;10,1655;
4711,245;10,7624;
4713,173;11,3956;
4715,102;12,063;
4717,030;12,7613;
4718,959;13,4858;
4720,887;14,2302;
4722,816;14,9871;
4724,744;15,7476;
4726,672;16,501;
4728,601;17,2353;
4730,529;17,937;
4732,458;18,5918;
4734,386;19,1856;
4736,315;19,7049;
4738,243;20,1375;
4740,172;20,4729;
4742,100;20,7025;
4744,029;20,8195;
4745,957;20,8203;
4747,886;20,7043;
4749,814;20,4749;
4751,743;20,1388;
4753,671;19,706;
4755,599;19,1883;
4757,528;18,599;
4759,456;17,9519;
4761,385;17,261;
4763,313;16,5401;
4765,242;15,8022;
4767,170;15,0595;
4769,099;14,3223;
4771,027;13,5996;
4772,956;12,8979;
4774,884;12,2223;
4776,813;11,5764;
4778,741;10,9626;
4780,670;10,3828;
4782,598;9,8384;
4784,526;9,32974;
4786,455;8,85635;
4788,383;8,4168;
4790,312;8,00909;
4792,240;7,6312;
4794,169;7,28152;
4796,097;6,95888;
4798,026;6,66214;
4799,954;6,38984;
4801,883;6,13993;
4803,811;5,91008;
4805,740;5,69813;
4807,668;5,50246;
4809,597;5,32206;
4811,525;5,15625;
4813,453;5,00431;
4815,382;4,86531;
4817,310;4,73821;
4819,239;4,62206;
4821,167;4,51619;
4823,096;4,42018;
4825,024;4,33363;
4826,953;4,25598;
4828,881;4,18646;
4830,810;4,12418;
4832,738;4,06842;
4834,667;4,01883;
4836,595;3,97552;
4838,524;3,93881;
4840,452;3,90897;
4842,380;3,88582;
4844,309;3,86874;
4846,237;3,85689;
4848,166;3,84957;
4850,094;3,84662;
4852,023;3,8484;
4853,951;3,85565;
4855,880;3,86905;
4857,808;3,88905;
4859,737;3,91577;
4861,665;3,94907;
4863,594;3,98873;
4865,522;4,03447;
4867,451;4,08618;
4869,379;4,14402;
4871,307;4,20849;
4873,236;4,28036;
4875,164;4,3604;
4877,093;4,44909;
4879,021;4,54657;
4880,950;4,65284;
4882,878;4,76823;
4884,807;4,89365;
4886,735;5,03052;
4888,664;5,18037;
4890,592;5,34443;
4892,521;5,52353;
4894,449;5,7183;
4896,378;5,92962;
4898,306;6,15881;
4900,235;6,40758;
4902,163;6,67769;
4904,091;6,97067;
4906,020;7,28777;
4907,948;7,63002;
4909,877;7,99855;
4911,805;8,39467;
4913,734;8,81997;
4915,662;9,27612;
4917,591;9,76466;
4919,519;10,2866;
4921,448;10,842;
4923,376;11,4299;
4925,305;12,0482;
4927,233;12,6943;
4929,162;13,3646;
4931,090;14,0551;
4933,018;14,7605;
4934,947;15,4743;
4936,875;16,1885;
4938,804;16,8939;
4940,732;17,5805;
4942,661;18,2372;
4944,589;18,8516;
4946,518;19,4106;
4948,446;19,901;
4950,375;20,3112;
4952,303;20,6317;
4954,232;20,8555;
4956,160;20,9779;
4958,089;20,996;
4960,017;20,9087;
4961,945;20,7179;
4963,874;20,4285;
4965,802;20,048;
4967,731;19,5864;
4969,659;19,055;
4971,588;18,4657;
4973,516;17,8309;
4975,445;17,1621;
4977,373;16,4707;
4979,302;15,7667;
4981,230;15,0601;
4983,159;14,3598;
4985,087;13,6737;
4987,016;13,0078;
4988,944;12,366;
4990,872;11,7509;
4992,801;11,1645;
4994,729;10,6093;
4996,658;10,0873;
4998,586;9,59944;
5000,515;9,14506;
5002,443;8,72217;
5004,372;8,32835;
5006,300;7,9615;
5008,229;7,62007;
5010,157;7,30292;
5012,086;7,00908;
5014,014;6,73765;
5015,943;6,48767;
5017,871;6,25795;
5019,799;6,04694;
5021,728;5,85278;
5023,656;5,67365;
5025,585;5,50821;
5027,513;5,35573;
5029,442;5,21581;
5031,370;5,08792;
5033,299;4,97117;
5035,227;4,86445;
5037,156;4,76679;
5039,084;4,67762;
5041,013;4,59681;
5042,941;4,52451;
5044,870;4,46087;
5046,798;4,40585;
5048,726;4,35894;
5050,655;4,3192;
5052,583;4,28539;
5054,512;4,25654;
5056,440;4,23232;
5058,369;4,21328;
5060,297;4,20045;
5062,226;4,19453;
5064,154;4,19548;
5066,083;4,20269;
5068,011;4,21562;
5069,940;4,2342;
5071,868;4,2588;
5073,797;4,28985;
5075,725;4,32751;
5077,653;4,37167;
5079,582;4,42228;
5081,510;4,47952;
5083,439;4,5438;
5085,367;4,61546;
5087,296;4,69477;
5089,224;4,78213;
5091,153;4,87837;
5093,081;4,98482;
5095,010;5,103;
5096,938;5,23404;
5098,867;5,37834;
5100,795;5,53544;
5102,724;5,70455;
5104,652;5,88521;
5106,580;6,07796;
5108,509;6,28474;
5110,437;6,50882;
5112,366;6,75427;
5114,294;7,02458;
5116,223;7,32113;
5118,151;7,6426;
5120,080;7,98619;
5122,008;8,35004;
5123,937;8,73511;
5125,865;9,14509;
5127,794;9,58444;
5129,722;10,0562;
5131,651;10,5608;
5133,579;11,0967;
5135,507;11,6618;
5137,436;12,2551;
5139,364;12,8752;
5141,293;13,5188;
5143,221;14,1788;
5145,150;14,8454;
5147,078;15,5092;
5149,007;16,1635;
5150,935;16,8048;
5152,864;17,4299;
5154,792;18,0325;
5156,721;18,602;
5158,649;19,1243;
5160,578;19,5848;
5162,506;19,9718;
5164,434;20,2771;
5166,363;20,4963;
5168,291;20,6268;
5170,220;20,6679;
5172,148;20,6189;
5174,077;20,4796;
5176,005;20,2501;
5177,934;19,9333;
5179,862;19,5374;
5181,791;19,076;
5183,719;18,5639;
5185,648;18,0119;
5187,576;17,4239;
5189,505;16,8007;
5191,433;16,1468;
5193,361;15,4745;
5195,290;14,8016;
5197,218;14,1435;
5199,147;13,5066;
5201,075;12,8897;
5203,004;12,2905;
5204,932;11,7112;
5206,861;11,1591;
5208,789;10,6407;
5210,718;10,1577;
5212,646;9,70612;
5214,575;9,28114;
5216,503;8,88055;
5218,432;8,50551;
5220,360;8,15754;
5222,288;7,83545;
5224,217;7,53509;
5226,145;7,25207;
5228,074;6,98481;
5230,002;6,73536;
5231,931;6,50695;
5233,859;6,3007;
5235,788;6,11444;
5237,716;5,94397;
5239,645;5,78553;
5241,573;5,63717;
5243,502;5,49873;
5245,430;5,37093;
5247,359;5,25445;
5249,287;5,14965;
5251,215;5,05652;
5253,144;4,97466;
5255,072;4,90308;
5257,001;4,84026;
5258,929;4,7844;
5260,858;4,73397;
5262,786;4,68827;
5264,715;4,64768;
5266,643;4,61338;
5268,572;4,58664;
5270,500;4,56809;
5272,429;4,55759;
5274,357;4,5544;
5276,286;4,55758;
5278,214;4,56639;
5280,142;4,58052;
5282,071;4,60026;
5283,999;4,62629;
5285,928;4,65924;
5287,856;4,69945;
5289,785;4,74704;
5291,713;4,80219;
5293,642;4,86525;
5295,570;4,93668;
5297,499;5,0167;
5299,427;5,10508;
5301,356;5,20134;
5303,284;5,30532;
5305,213;5,41779;
5307,141;5,54059;
5309,069;5,67619;
5310,998;5,82667;
5312,926;5,99276;
5314,855;6,17348;
5316,783;6,36721;
5318,712;6,57341;
5320,640;6,79392;
5322,569;7,0325;
5324,497;7,29305;
5326,426;7,57731;
5328,354;7,88386;
5330,283;8,20939;
5332,211;8,55167;
5334,140;8,91192;
5336,068;9,29497;
5337,996;9,70706;
5339,925;10,1528;
5341,853;10,6323;
5343,782;11,1407;
5345,710;11,6703;
5347,639;12,2139;
5349,567;12,7681;
5351,496;13,3338;
5353,424;13,9132;
5355,353;14,5079;
5357,281;15,1153;
5359,210;15,7285;
5361,138;16,3376;
5363,067;16,9325;
5364,995;17,5051;
5366,924;18,0494;
5368,852;18,56;
5370,780;19,0303;
5372,709;19,4516;
5374,637;19,814;
5376,566;20,1087;
5378,494;20,3289;
5380,423;20,4701;
5382,351;20,5296;
5384,280;20,5057;
5386,208;20,3982;
5388,137;20,2094;
5390,065;19,9436;
5391,994;19,6071;
5393,922;19,2068;
5395,851;18,7498;
5397,779;18,2435;
5399,707;17,6957;
5401,636;17,1156;
5403,564;16,5133;
5405,493;15,8991;
5407,421;15,2817;
5409,350;14,6682;
5411,278;14,0635;
5413,207;13,4714;
5415,135;12,8945;
5417,064;12,3353;
5418,992;11,7962;
5420,921;11,2792;
5422,849;10,7861;
5424,778;10,3179;
5426,706;9,87552;
5428,634;9,45929;
5430,563;9,06924;
5432,491;8,7049;
5434,420;8,36539;
5436,348;8,04949;
5438,277;7,75586;
5440,205;7,48314;
5442,134;7,23002;
5444,062;6,99515;
5445,991;6,77706;
5447,919;6,57434;
5449,848;6,38576;
5451,776;6,21055;
5453,705;6,04835;
5455,633;5,899;
5457,561;5,76224;
5459,490;5,63748;
5461,418;5,52389;
5463,347;5,42058;
5465,275;5,32685;
5467,204;5,24224;
5469,132;5,16641;
5471,061;5,09896;
5472,989;5,03939;
5474,918;4,9872;
5476,846;4,94206;
5478,775;4,90396;
5480,703;4,8731;
5482,632;4,84963;
5484,560;4,83337;
5486,488;4,82375;
5488,417;4,82009;
5490,345;4,822;
5492,274;4,82969;
5494,202;4,84387;
5496,131;4,86525;
5498,059;4,89416;
5499,988;4,93034;
5501,916;4,9733;
5503,845;5,02292;
5505,773;5,07979;
5507,702;5,14497;
5509,630;5,2195;
5511,559;5,30382;
5513,487;5,39764;
5515,415;5,5004;
5517,344;5,61183;
5519,272;5,73236;
5521,201;5,86294;
5523,129;6,00474;
5525,058;6,15873;
5526,986;6,32566;
5528,915;6,50625;
5530,843;6,70134;
5532,772;6,91196;
5534,700;7,13919;
5536,629;7,38402;
5538,557;7,6474;
5540,486;7,93035;
5542,414;8,23395;
5544,342;8,55917;
5546,271;8,9066;
5548,199;9,27625;
5550,128;9,66762;
5552,056;10,0801;
5553,985;10,5133;
5555,913;10,9671;
5557,842;11,4414;
5559,770;11,9356;
5561,699;12,4483;
5563,627;12,9772;
5565,556;13,519;
5567,484;14,0701;
5569,413;14,6262;
5571,341;15,1829;
5573,269;15,7352;
5575,198;16,2778;
5577,126;16,8047;
5579,055;17,3094;
5580,983;17,7854;
5582,912;18,2257;
5584,840;18,6238;
5586,769;18,9738;
5588,697;19,2701;
5590,626;19,508;
5592,554;19,683;
5594,483;19,7914;
5596,411;19,8302;
5598,340;19,7983;
5600,268;19,6961;
5602,196;19,5257;
5604,125;19,29;
5606,053;18,9929;
5607,982;18,6386;
5609,910;18,2323;
5611,839;17,7807;
5613,767;17,2911;
5615,696;16,7715;
5617,624;16,2298;
5619,553;15,6733;
5621,481;15,1084;
5623,410;14,541;
5625,338;13,9765;
5627,267;13,4195;
5629,195;12,8741;
5631,123;12,3438;
5633,052;11,8315;
5634,980;11,3396;
5636,909;10,8699;
5638,837;10,4239;
5640,766;10,002;
5642,694;9,60453;
5644,623;9,23122;
5646,551;8,8815;
5648,480;8,55444;
5650,408;8,24875;
5652,337;7,96298;
5654,265;7,69581;
5656,194;7,44625;
5658,122;7,21367;
5660,050;6,99748;
5661,979;6,79701;
5663,907;6,61141;
5665,836;6,43987;
5667,764;6,28175;
5669,693;6,13656;
5671,621;6,00373;
5673,550;5,8824;
5675,478;5,77146;
5677,407;5,66982;
5679,335;5,57675;
5681,264;5,49198;
5683,192;5,41563;
5685,121;5,34784;
5687,049;5,28861;
5688,977;5,23778;
5690,906;5,19509;
5692,834;5,16026;
5694,763;5,13298;
5696,691;5,11267;
5698,620;5,09853;
5700,548;5,08971;
5702,477;5,08579;
5704,405;5,08718;
5706,334;5,09513;
5708,262;5,11123;
5710,191;5,1365;
5712,119;5,17081;
5714,048;5,21283;
5715,976;5,26094;
5717,904;5,31432;
5719,833;5,37363;
5721,761;5,44076;
5723,690;5,51771;
5725,618;5,6055;
5727,547;5,70389;
5729,475;5,81196;
5731,404;5,92919;
5733,332;6,05614;
5735,261;6,19414;
5737,189;6,34457;
5739,118;6,50816;
5741,046;6,68501;
5742,975;6,87526;
5744,903;7,07975;
5746,831;7,30006;
5748,760;7,53805;
5750,688;7,79513;
5752,617;8,07201;
5754,545;8,36891;
5756,474;8,68614;
5758,402;9,02433;
5760,331;9,38434;
5762,259;9,76679;
5764,188;10,1718;
5766,116;10,5989;
5768,045;11,0476;
5769,973;11,5173;
5771,902;12,0075;
5773,830;12,5174;
5775,758;13,0455;
5777,687;13,589;
5779,615;14,144;
5781,544;14,7061;
5783,472;15,2703;
5785,401;15,8318;
5787,329;16,3859;
5789,258;16,9276;
5791,186;17,4513;
5793,115;17,9501;
5795,043;18,4168;
5796,972;18,8436;
5798,900;19,2232;
5800,829;19,5493;
5802,757;19,8166;
5804,685;20,0208;
5806,614;20,1584;
5808,542;20,2273;
5810,471;20,2262;
5812,399;20,1557;
5814,328;20,0173;
5816,256;19,8133;
5818,185;19,547;
5820,113;19,2221;
5822,042;18,8435;
5823,970;18,4176;
5825,899;17,9518;
5827,827;17,4541;
5829,756;16,9325;
5831,684;16,3939;
5833,613;15,8448;
5835,541;15,2909;
5837,469;14,7374;
5839,398;14,1887;
5841,326;13,6491;
5843,255;13,1218;
5845,183;12,6101;
5847,112;12,1169;
5849,040;11,6445;
5850,969;11,1945;
5852,897;10,7671;
5854,826;10,3615;
5856,754;9,97645;
5858,683;9,61131;
5860,611;9,26625;
5862,540;8,94206;
5864,468;8,63945;
5866,396;8,35836;
5868,325;8,09782;
5870,253;7,85631;
5872,182;7,63231;
5874,110;7,42455;
5876,039;7,23207;
5877,967;7,05404;
5879,896;6,88978;
5881,824;6,73882;
5883,753;6,60091;
5885,681;6,47583;
5887,610;6,36301;
5889,538;6,26143;
5891,467;6,16986;
5893,395;6,08743;
5895,323;6,01397;
5897,252;5,94982;
5899,180;5,89512;
5901,109;5,84917;
5903,037;5,8103;
5904,966;5,77646;
5906,894;5,74616;
5908,823;5,71915;
5910,751;5,69628;
5912,680;5,67873;
5914,608;5,66728;
5916,537;5,66211;
5918,465;5,66308;
5920,394;5,67033;
5922,322;5,68446;
5924,250;5,70623;
5926,179;5,73598;
5928,107;5,77345;
5930,036;5,81793;
5931,964;5,869;
5933,893;5,92688;
5935,821;5,99252;
5937,750;6,06716;
5939,678;6,15189;
5941,607;6,24754;
5943,535;6,35483;
5945,464;6,47456;
5947,392;6,60753;
5949,321;6,75428;
5951,249;6,91488;
5953,177;7,08915;
5955,106;7,27703;
5957,034;7,47902;
5958,963;7,69617;
5960,891;7,92963;
5962,820;8,18031;
5964,748;8,44872;
5966,677;8,73529;
5968,605;9,04078;
5970,534;9,36637;
5972,462;9,71325;
5974,391;10,0821;
5976,319;10,4728;
5978,248;10,8846;
5980,176;11,3163;
5982,104;11,7672;
5984,033;12,2367;
5985,961;12,7238;
5987,890;13,227;
5989,818;13,7436;
5991,747;14,27;
5993,675;14,8021;
5995,604;15,3354;
5997,532;15,8653;
5999,461;16,387;
6001,389;16,8958;
6003,318;17,3868;
6005,246;17,8551;
6007,175;18,295;
6009,103;18,7004;
6011,031;19,0641;
6012,960;19,3795;
6014,888;19,6406;
6016,817;19,8435;
6018,745;19,9858;
6020,674;20,0668;
6022,602;20,0857;
6024,531;20,0421;
6026,459;19,9356;
6028,388;19,7667;
6030,316;19,5374;
6032,245;19,2516;
6034,173;18,9143;
6036,102;18,5314;
6038,030;18,1091;
6039,958;17,6537;
6041,887;17,172;
6043,815;16,6706;
6045,744;16,1556;
6047,672;15,6321;
6049,601;15,1045;
6051,529;14,5766;
6053,458;14,0519;
6055,386;13,5343;
6057,315;13,0279;
6059,243;12,5365;
6061,172;12,0633;
6063,100;11,6102;
6065,029;11,1781;
6066,957;10,7666;
6068,885;10,3748;
6070,814;10,002;
6072,742;9,64807;
6074,671;9,31346;
6076,599;8,99906;
6078,528;8,7054;
6080,456;8,43211;
6082,385;8,17768;
6084,313;7,93974;
6086,242;7,71577;
6088,170;7,50395;
6090,099;7,30383;
6092,027;7,11641;
6093,956;6,94357;
6095,884;6,78703;
6097,812;6,64732;
6099,741;6,52317;
6101,669;6,41178;
6103,598;6,30977;
6105,526;6,21435;
6107,455;6,12423;
6109,383;6,03975;
6111,312;5,96237;
6113,240;5,89376;
6115,169;5,83504;
6117,097;5,78642;
6119,026;5,74734;
6120,954;5,71685;
6122,883;5,69401;
6124,811;5,67819;
6126,739;5,66908;
6128,668;5,66673;
6130,596;5,67143;
6132,525;5,68366;
6134,453;5,70404;
6136,382;5,73317;
6138,310;5,77139;
6140,239;5,81864;
6142,167;5,87443;
6144,096;5,93804;
6146,024;6,00884;
6147,953;6,08673;
6149,881;6,17228;
6151,810;6,26672;
6153,738;6,37154;
6155,666;6,48796;
6157,595;6,61646;
6159,523;6,75671;
6161,452;6,90801;
6163,380;7,07;
6165,309;7,24337;
6167,237;7,42994;
6169,166;7,63204;
6171,094;7,85145;
6173,023;8,0886;
6174,951;8,34255;
6176,880;8,61189;
6178,808;8,89592;
6180,737;9,19541;
6182,665;9,51249;
6184,593;9,84967;
6186,522;10,2087;
6188,450;10,59;
6190,379;10,9924;
6192,307;11,4141;
6194,236;11,8528;
6196,164;12,3065;
6198,093;12,7738;
6200,021;13,2533;
6201,950;13,7445;
6203,878;14,2462;
6205,807;14,7571;
6207,735;15,274;
6209,664;15,7919;
6211,592;16,304;
6213,520;16,8029;
6215,449;17,2815;
6217,377;17,735;
6219,306;18,16;
6221,234;18,554;
6223,163;18,9137;
6225,091;19,2341;
6227,020;19,5087;
6228,948;19,7315;
6230,877;19,8983;
6232,805;20,0081;
6234,734;20,0613;
6236,662;20,059;
6238,591;20,0008;
6240,519;19,8854;
6242,447;19,7122;
6244,376;19,4832;
6246,304;19,2033;
6248,233;18,8796;
6250,161;18,5192;
6252,090;18,1276;
6254,018;17,7083;
6255,947;17,2644;
6257,875;16,7994;
6259,804;16,3185;
6261,732;15,8279;
6263,661;15,3337;
6265,589;14,8415;
6267,518;14,3554;
6269,446;13,8785;
6271,374;13,4128;
6273,303;12,9592;
6275,231;12,5182;
6277,160;12,0896;
6279,088;11,6738;
6281,017;11,2716;
6282,945;10,8846;
6284,874;10,5147;
6286,802;10,1632;
6288,731;9,83048;
6290,659;9,51609;
6292,588;9,21937;
6294,516;8,93966;
6296,445;8,67646;
6298,373;8,42924;
6300,302;8,19724;
6302,230;7,97951;
6304,158;7,77515;
6306,087;7,58358;
6308,015;7,40467;
6309,944;7,23869;
6311,872;7,08593;
6313,801;6,94635;
6315,729;6,81933;
6317,658;6,70369;
6319,586;6,59788;
6321,515;6,50049;
6323,443;6,41069;
6325,372;6,32851;
6327,300;6,25466;
6329,229;6,19009;
6331,157;6,13535;
6333,085;6,09032;
6335,014;6,05423;
6336,942;6,02615;
6338,871;6,00557;
6340,799;5,99262;
6342,728;5,9879;
6344,656;5,992;
6346,585;6,00501;
6348,513;6,02639;
6350,442;6,05525;
6352,370;6,09096;
6354,299;6,13358;
6356,227;6,18401;
6358,156;6,24353;
6360,084;6,31321;
6362,012;6,39327;
6363,941;6,48314;
6365,869;6,58202;
6367,798;6,68971;
6369,726;6,80721;
6371,655;6,93644;
6373,583;7,07924;
6375,512;7,23625;
6377,440;7,40652;
6379,369;7,58824;
6381,297;7,78028;
6383,226;7,9834;
6385,154;8,2003;
6387,083;8,43441;
6389,011;8,68823;
6390,939;8,96223;
6392,868;9,25515;
6394,796;9,56517;
6396,725;9,89116;
6398,653;10,2331;
6400,582;10,5915;
6402,510;10,9666;
6404,439;11,3581;
6406,367;11,7653;
6408,296;12,1875;
6410,224;12,6245;
6412,153;13,0759;
6414,081;13,5401;
6416,010;14,0142;
6417,938;14,4943;
6419,866;14,9761;
6421,795;15,4556;
6423,723;15,9299;
6425,652;16,3956;
6427,580;16,8487;
6429,509;17,2841;
6431,437;17,6956;
6433,366;18,0773;
6435,294;18,4241;
6437,223;18,7323;
6439,151;18,9988;
6441,080;19,2205;
6443,008;19,3942;
6444,937;19,5167;
6446,865;19,586;
6448,793;19,6013;
6450,722;19,5629;
6452,650;19,4715;
6454,579;19,3271;
6456,507;19,1302;
6458,436;18,8823;
6460,364;18,5874;
6462,293;18,252;
6464,221;17,8836;
6466,150;17,4892;
6468,078;17,0733;
6470,007;16,6388;
6471,935;16,1875;
6473,864;15,7225;
6475,792;15,2482;
6477,720;14,77;
6479,649;14,2931;
6481,577;13,8216;
6483,506;13,358;
6485,434;12,9042;
6487,363;12,462;
6489,291;12,0337;
6491,220;11,6209;
6493,148;11,2248;
6495,077;10,8453;
6497,005;10,4819;
6498,934;10,1341;
6500,862;9,80248;
6502,791;9,48828;
6504,719;9,19264;
6506,647;8,91601;
6508,576;8,65788;
6510,504;8,41707;
6512,433;8,19234;
6514,361;7,98265;
6516,290;7,78714;
6518,218;7,60491;
6520,147;7,43501;
6522,075;7,27662;
6524,004;7,12934;
6525,932;6,99312;
6527,861;6,86798;
6529,789;6,75368;
6531,718;6,64971;
6533,646;6,55556;
6535,574;6,47101;
6537,503;6,39622;
6539,431;6,33139;
6541,360;6,27636;
6543,288;6,23049;
6545,217;6,19284;
6547,145;6,16245;
6549,074;6,1386;
6551,002;6,12083;
6552,931;6,10899;
6554,859;6,10334;
6556,788;6,1046;
6558,716;6,11385;
6560,645;6,13219;
6562,573;6,16045;
6564,501;6,19905;
6566,430;6,24813;
6568,358;6,30756;
6570,287;6,37686;
6572,215;6,45491;
6574,144;6,54015;
6576,072;6,63128;
6578,001;6,72821;
6579,929;6,83246;
6581,858;6,94658;
6583,786;7,07271;
6585,715;7,21139;
6587,643;7,36166;
6589,572;7,52239;
6591,500;7,69387;
6593,428;7,87837;
6595,357;8,07911;
6597,285;8,29832;
6599,214;8,53596;
6601,142;8,78994;
6603,071;9,05777;
6604,999;9,33847;
6606,928;9,63332;
6608,856;9,9451;
6610,785;10,2763;
6612,713;10,6278;
6614,642;10,9985;
6616,570;11,3861;
6618,499;11,7884;
6620,427;12,204;
6622,355;12,6324;
6624,284;13,0727;
6626,212;13,5228;
6628,141;13,9794;
6630,069;14,4387;
6631,998;14,8975;
6633,926;15,354;
6635,855;15,8073;
6637,783;16,2562;
6639,712;16,6977;
6641,640;17,1265;
6643,569;17,5358;
6645,497;17,9188;
6647,426;18,2702;
6649,354;18,5867;
6651,282;18,8664;
6653,211;19,1075;
6655,139;19,3073;
6657,068;19,4621;
6658,996;19,5683;
6660,925;19,623;
6662,853;19,6249;
6664,782;19,5747;
6666,710;19,4741;
6668,639;19,3255;
6670,567;19,1312;
6672,496;18,8938;
6674,424;18,6162;
6676,353;18,3027;
6678,281;17,9587;
6680,209;17,5901;
6682,138;17,2026;
6684,066;16,8003;
6685,995;16,3859;
6687,923;15,9612;
6689,852;15,5278;
6691,780;15,0886;
6693,709;14,647;
6695,637;14,207;
6697,566;13,7721;
6699,494;13,3447;
6701,423;12,9259;
6703,351;12,5164;
6705,280;12,1172;
6707,208;11,7298;
6709,136;11,3565;
6711,065;10,9994;
6712,993;10,6594;
6714,922;10,3361;
6716,850;10,028;
6718,779;9,73343;
6720,707;9,4516;
6722,636;9,18296;
6724,564;8,92859;
6726,493;8,68932;
6728,421;8,46506;
6730,350;8,25473;
6732,278;8,05674;
6734,207;7,8698;
6736,135;7,69347;
6738,063;7,5284;
6739,992;7,37603;
6741,920;7,23779;
6743,849;7,11421;
6745,777;7,00447;
6747,706;6,90654;
6749,634;6,81828;
6751,563;6,73841;
6753,491;6,66681;
6755,420;6,60385;
6757,348;6,54916;
6759,277;6,50109;
6761,205;6,45756;
6763,134;6,41771;
6765,062;6,38325;
6766,991;6,35813;
6768,919;6,34662;
6770,847;6,35073;
6772,776;6,36903;
6774,704;6,39743;
6776,633;6,43148;
6778,561;6,46863;
6780,490;6,50906;
6782,418;6,55507;
6784,347;6,6096;
6786,275;6,67488;
6788,204;6,75184;
6790,132;6,84018;
6792,061;6,93887;
6793,989;7,0468;
6795,918;7,16334;
6797,846;7,28874;
6799,774;7,4241;
6801,703;7,571;
6803,631;7,73084;
6805,560;7,90436;
6807,488;8,09175;
6809,417;8,29304;
6811,345;8,50864;
6813,274;8,73937;
6815,202;8,98598;
6817,131;9,24848;
6819,059;9,52592;
6820,988;9,81697;
6822,916;10,121;
6824,845;10,439;
6826,773;10,7736;
6828,701;11,1274;
6830,630;11,5016;
6832,558;11,8941;
6834,487;12,3005;
6836,415;12,7151;
6838,344;13,134;
6840,272;13,5559;
6842,201;13,9822;
6844,129;14,4143;
6846,058;14,8515;
6847,986;15,2901;
6849,915;15,7237;
6851,843;16,1456;
6853,772;16,5503;
6855,700;16,9346;
6857,628;17,2965;
6859,557;17,6342;
6861,485;17,9453;
6863,414;18,2262;
6865,342;18,4732;
6867,271;18,6823;
6869,199;18,8495;
6871,128;18,9704;
6873,056;19,0416;
6874,985;19,0614;
6876,913;19,0312;
6878,842;18,9544;
6880,770;18,8353;
6882,699;18,6766;
6884,627;18,4784;
6886,555;18,2403;
6888,484;17,9633;
6890,412;17,6516;
6892,341;17,3116;
6894,269;16,9497;
6896,198;16,57;
6898,126;16,1736;
6900,055;15,7602;
6901,983;15,3312;
6903,912;14,8902;
6905,840;14,4431;
6907,769;13,9963;
6909,697;13,5548;
6911,626;13,1224;
6913,554;12,7013;
6915,482;12,2928;
6917,411;11,8977;
6919,339;11,5162;
6921,268;11,1489;
6923,196;10,7967;
6925,125;10,4611;
6927,053;10,144;
6928,982;9,84645;
6930,910;9,56828;
6932,839;9,30759;
6934,767;9,06136;
6936,696;8,82617;
6938,624;8,59927;
6940,553;8,37936;
6942,481;8,16711;
6944,409;7,965;
6946,338;7,77641;
6948,266;7,60435;
6950,195;7,45027;
6952,123;7,31383;
6954,052;7,19344;
6955,980;7,08705;
6957,909;6,99262;
6959,837;6,90831;
6961,766;6,83242;
6963,694;6,76354;
6965,623;6,70074;
6967,551;6,64362;
6969,480;6,59236;
6971,408;6,54748;
6973,336;6,50979;
6975,265;6,48011;
6977,193;6,4591;
6979,122;6,44696;
6981,050;6,44324;
6982,979;6,44695;
6984,907;6,45707;
6986,836;6,47341;
6988,764;6,49722;
6990,693;6,53104;
6992,621;6,57756;
6994,550;6,63801;
6996,478;6,7111;
6998,407;6,79327;
7000,335;6,8802;
7002,263;6,96891;
7004,192;7,05919;
7006,120;7,15395;
7008,049;7,25836;
7009,977;7,3781;
7011,906;7,51754;
7013,834;7,67818;
7015,763;7,85802;
7017,691;8,05202;
7019,620;8,25379;
7021,548;8,45826;
7023,477;8,66431;
7025,405;8,87601;
7027,334;9,10156;
7029,262;9,35;
7031,190;9,62701;
7033,119;9,93184;
7035,047;10,2575;
7036,976;10,595;
7038,904;10,9378;
7040,833;11,2851;
7042,761;11,6396;
7044,690;12,0048;
7046,618;12,3831;
7048,547;12,7752;
7050,475;13,1817;
7052,404;13,6028;
7054,332;14,0366;
7056,261;14,478;
7058,189;14,9189;
7060,117;15,3523;
7062,046;15,776;
7063,974;16,1925;
7065,903;16,6054;
7067,831;17,0139;
7069,760;17,411;
7071,688;17,7859;
7073,617;18,13;
7075,545;18,4398;
7077,474;18,7155;
7079,402;18,9564;
7081,331;19,158;
7083,259;19,3139;
7085,188;19,4206;
7087,116;19,4808;
7089,044;19,5015;
7090,973;19,489;
7092,901;19,4449;
7094,830;19,3646;
7096,758;19,2389;
7098,687;19,0584;
7100,615;18,8175;
7102,544;18,5177;
7104,472;18,1693;
7106,401;17,7905;
7108,329;17,4023;
7110,258;17,0209;
7112,186;16,6519;
7114,115;16,2902;
7116,043;15,9256;
7117,971;15,5503;
7119,900;15,1623;
7121,828;14,7649;
7123,757;14,3629;
7125,685;13,96;
7127,614;13,5586;
7129,542;13,1602;
7131,471;12,7665;
7133,399;12,3783;
7135,328;11,9951;
7137,256;11,6153;
7139,185;11,2367;
7141,113;10,8586;
7143,042;10,4829;
7144,970;10,116;
7146,898;9,76868;
7148,827;9,45344;
7150,755;9,18017;
7152,684;8,95123;
7154,612;8,75958;
7156,541;8,591;
7158,469;8,42963;
7160,398;8,26455;
7162,326;8,09425;
7164,255;7,92617;
7166,183;7,77133;
7168,112;7,63753;
7170,040;7,52575;
7171,969;7,43095;
7173,897;7,34556;
7175,825;7,26308;
7177,754;7,18037;
7179,682;7,09779;
7181,611;7,01756;
7183,539;6,94175;
7185,468;6,8715;
7187,396;6,80777;
7189,325;6,75231;
7191,253;6,70773;
7193,182;6,676;
7195,110;6,65672;
7197,039;6,64697;
7198,967;6,64351;
7200,896;6,64557;
7202,824;6,65606;
7204,752;6,68029;
7206,681;6,7231;
7208,609;6,78629;
7210,538;6,86771;
7212,466;6,96238;
7214,395;7,06438;
7216,323;7,16841;
7218,252;7,2709;
7220,180;7,371;
7222,109;7,47164;
7224,037;7,57953;
7225,966;7,70308;
7227,894;7,84867;
7229,823;8,01682;
7231,751;8,20141;
7233,680;8,39324;
7235,608;8,58622;
7237,536;8,78191;
7239,465;8,98897;
7241,393;9,21805;
7243,322;9,47537;
7245,250;9,75894;
7247,179;10,0599;
7249,107;10,3682;
7251,036;10,678;
7252,964;10,9911;
7254,893;11,314;
7256,821;11,6533;
7258,750;12,0119;
7260,678;12,388;
7262,607;12,7768;
7264,535;13,1738;
7266,463;13,5766;
7268,392;13,9846;
7270,320;14,3964;
7272,249;14,8088;
7274,177;15,2157;
7276,106;15,61;
7278,034;15,9863;
7279,963;16,343;
7281,891;16,6825;
7283,820;17,0079;
7285,748;17,3199;
7287,677;17,6142;
7289,605;17,8815;
7291,534;18,1107;
7293,462;18,2938;
7295,390;18,4283;
7297,319;18,517;
7299,247;18,566;
7301,176;18,5806;
7303,104;18,5637;
7305,033;18,5154;
7306,961;18,4346;
7308,890;18,3199;
7310,818;18,1703;
7312,747;17,9857;
7314,675;17,7658;
7316,604;17,5098;
7318,532;17,2162;
7320,461;16,8847;
7322,389;16,5174;
7324,317;16,1219;
7326,246;15,7105;
7328,174;15,2977;
7330,103;14,895;
7332,031;14,5063;
7333,960;14,1269;
7335,888;13,7464;
7337,817;13,355;
7339,745;12,9491;
7341,674;12,5338;
7343,602;12,1205;
7345,531;11,7219;
7347,459;11,3475;
7349,388;11,0006;
7351,316;10,6784;
7353,244;10,3739;
7355,173;10,0802;
7357,101;9,79284;
7359,030;9,51262;
7360,958;9,24427;
7362,887;8,99374;
7364,815;8,76457;
7366,744;8,55596;
7368,672;8,36375;
7370,601;8,18361;
7372,529;8,01404;
7374,458;7,85697;
7376,386;7,71559;
7378,315;7,59124;
7380,243;7,48159;
7382,171;7,3815;
7384,100;7,28564;
7386,028;7,19114;
7387,957;7,09873;
7389,885;7,0121;
7391,814;6,93599;
7393,742;6,87419;
7395,671;6,82807;
7397,599;6,79626;
7399,528;6,7755;
7401,456;6,7624;
7403,385;6,75509;
7405,313;6,75362;
7407,242;6,75884;
7409,170;6,77061;
7411,098;6,78698;
7413,027;6,80542;
7414,955;6,82537;
7416,884;6,84997;
7418,812;6,88529;
7420,741;6,93727;
7422,669;7,00846;
7424,598;7,09703;
7426,526;7,19858;
7428,455;7,30922;
7430,383;7,42751;
7432,312;7,55395;
7434,240;7,68876;
7436,169;7,83013;
7438,097;7,97415;
7440,025;8,11684;
7441,954;8,2568;
7443,882;8,397;
7445,811;8,54486;
7447,739;8,71044;
7449,668;8,90342;
7451,596;9,1297;
7453,525;9,389;
7455,453;9,67459;
7457,382;9,97603;
7459,310;10,2839;
7461,239;10,5945;
7463,167;10,9112;
7465,096;11,2425;
7467,024;11,5965;
7468,952;11,9754;
7470,881;12,3731;
7472,809;12,7779;
7474,738;13,1784;
7476,666;13,569;
7478,595;13,9525;
7480,523;14,3371;
7482,452;14,7306;
7484,380;15,1346;
7486,309;15,5436;
7488,237;15,9483;
7490,166;16,3408;
7492,094;16,7189;
7494,023;17,086;
7495,951;17,4477;
7497,879;17,8068;
7499,808;18,1607;
7501,736;18,4999;
7503,665;18,8105;
7505,593;19,0778;
7507,522;19,291;
7509,450;19,4468;
7511,379;19,5496;
7513,307;19,6076;
7515,236;19,6258;
7517,164;19,6013;
7519,093;19,5233;
7521,021;19,3811;
7522,950;19,1738;
7524,878;18,9167;
7526,806;18,6369;
7528,735;18,3623;
7530,663;18,1073;
7532,592;17,8675;
7534,520;17,6247;
7536,449;17,3595;
7538,377;17,0624;
7540,306;16,7373;
7542,234;16,3945;
7544,163;16,0394;
7546,091;15,6657;
7548,020;15,2566;
7549,948;14,7954;
7551,877;14,2792;
7553,805;13,7266;
7555,733;13,1756;
7557,662;12,6696;
7559,590;12,2398;
7561,519;11,8929;
7563,447;11,6114;
7565,376;11,3636;
7567,304;11,1177;
7569,233;10,8528;
7571,161;10,5631;
7573,090;10,2565;
7575,018;9,94908;
7576,947;9,65824;
7578,875;9,39588;
7580,804;9,16451;
7582,732;8,957;
7584,660;8,7609;
7586,589;8,56531;
7588,517;8,36717;
7590,446;8,17341;
7592,374;7,99757;
7594,303;7,85243;
7596,231;7,74276;
7598,160;7,66214;
7600,088;7,59568;
7602,017;7,52701;
7603,945;7,44575;
7605,874;7,35173;
7607,802;7,25366;
7609,731;7,16317;
7611,659;7,08775;
7613,587;7,02713;
7615,516;6,97539;
7617,444;6,92722;
7619,373;6,88339;
7621,301;6,85088;
7623,230;6,83753;
7625,158;6,84535;
7627,087;6,86835;
7629,015;6,89669;
7630,944;6,92417;
7632,872;6,95301;
7634,801;6,99235;
7636,729;7,05162;
7638,658;7,13423;
7640,586;7,23591;
7642,514;7,34839;
7644,443;7,46448;
7646,371;7,58087;
7648,300;7,69755;
7650,228;7,81586;
7652,157;7,93746;
7654,085;8,06515;
7656,014;8,20365;
7657,942;8,35872;
7659,871;8,53446;
7661,799;8,73076;
7663,728;8,94324;
7665,656;9,16592;
7667,585;9,39491;
7669,513;9,63061;
7671,441;9,87721;
7673,370;10,14;
7675,298;10,4221;
7677,227;10,7228;
7679,155;11,0374;
7681,084;11,3599;
7683,012;11,6855;
7684,941;12,0131;
7686,869;12,3448;
7688,798;12,6845;
7690,726;13,0351;
7692,655;13,3964;
7694,583;13,7653;
7696,512;14,1374;
7698,440;14,5084;
7700,369;14,8757;
7702,297;15,2365;
7704,225;15,5871;
7706,154;15,9218;
7708,082;16,2343;
7710,011;16,5202;
7711,939;16,7789;
7713,868;17,0133;
7715,796;17,2266;
7717,725;17,419;
7719,653;17,5859;
7721,582;17,7191;
7723,510;17,8109;
7725,439;17,8575;
7727,367;17,86;
7729,296;17,8229;
7731,224;17,7507;
7733,152;17,6462;
7735,081;17,5094;
7737,009;17,3397;
7738,938;17,1371;
7740,866;16,9038;
7742,795;16,6436;
7744,723;16,3615;
7746,652;16,0625;
7748,580;15,7501;
7750,509;15,426;
7752,437;15,0902;
7754,366;14,7428;
7756,294;14,3861;
7758,223;14,0253;
7760,151;13,6667;
7762,079;13,3147;
7764,008;12,9687;
7765,936;12,6243;
7767,865;12,2766;
7769,793;11,9251;
7771,722;11,5747;
7773,650;11,233;
7775,579;10,9048;
7777,507;10,5902;
7779,436;10,2868;
7781,364;9,99468;
7783,293;9,72072;
7785,221;9,47582;
7787,150;9,26776;
7789,078;9,09363;
7791,006;8,9381;
7792,935;8,77951;
7794,863;8,60078;
7796,792;8,39827;
7798,720;8,18334;
7800,649;7,9759;
