,Part of: cyclohexanone with sp no au,Part of: Part of: cyclohexanone no au,
Wavelength [nm],Transmittance %,Transmittance %,
599.753,0.141968,0.0945993,
601.682,0.146793,0.0987116,
603.610,0.156973,0.103876,
605.539,0.169419,0.10638,
607.467,0.180324,0.10415,
609.396,0.186832,0.0978471,
611.324,0.188175,0.090555,
613.252,0.185694,0.0862804,
615.181,0.181857,0.0879204,
617.109,0.17887,0.0956049,
619.038,0.177742,0.106344,
620.966,0.178245,0.115382,
622.895,0.179599,0.118651,
624.823,0.180796,0.114233,
626.752,0.182685,0.105958,
628.680,0.184351,0.0965214,
630.609,0.185519,0.0897449,
632.537,0.185459,0.0867556,
634.466,0.183344,0.0856488,
636.394,0.178769,0.0830762,
638.323,0.172132,0.0767595,
640.251,0.164595,0.0671981,
642.179,0.15765,0.0574305,
644.108,0.152588,0.0511021,
646.036,0.150116,0.0502308,
647.965,0.150232,0.0541183,
649.893,0.152306,0.0600024,
651.822,0.155278,0.0648449,
653.750,0.157979,0.0669313,
655.679,0.159534,0.0664022,
657.607,0.159686,0.0647229,
659.536,0.158905,0.0635486,
661.464,0.158044,0.0634217,
663.393,0.157706,0.0634217,
665.321,0.157706,0.0623136,
667.250,0.157078,0.0599142,
669.178,0.154674,0.0570886,
671.106,0.149896,0.0547745,
673.035,0.143149,0.0534502,
674.963,0.135791,0.0530656,
676.892,0.129591,0.0529362,
678.820,0.125951,0.0519051,
680.749,0.125346,0.0490931,
682.677,0.127188,0.0445824,
684.606,0.130082,0.0394026,
686.534,0.132315,0.0349904,
688.463,0.132517,0.0325668,
690.391,0.13012,0.0325375,
692.320,0.125454,0.0342197,
694.248,0.119811,0.0362792,
696.177,0.114961,0.0374373,
698.105,0.11237,0.0371539,
700.034,0.112514,0.0359236,
701.962,0.114699,0.0349925,
703.890,0.117455,0.0355629,
705.819,0.119285,0.0379494,
707.747,0.119549,0.0414005,
709.676,0.118395,0.0443638,
711.604,0.116299,0.0453867,
713.533,0.113536,0.0439818,
715.461,0.108108,0.0390471,
717.390,0.104436,0.0363401,
719.318,0.100182,0.0345001,
721.247,0.0960835,0.0340134,
723.175,0.0930974,0.0346567,
725.104,0.0917534,0.0357861,
727.032,0.0917153,0.0367115,
728.961,0.0918764,0.0368985,
730.889,0.0909209,0.0359819,
732.817,0.0879896,0.0337527,
734.746,0.0830706,0.0302437,
736.674,0.0769586,0.0258558,
738.603,0.070886,0.0213491,
740.531,0.0660674,0.0175839,
742.460,0.0633392,0.0151165,
744.388,0.0629385,0.0139146,
746.317,0.064407,0.0134197,
748.245,0.0666449,0.012945,
750.174,0.0681835,0.0121343,
752.102,0.0676776,0.0111463,
754.031,0.0644605,0.0104209,
755.959,0.0588924,0.0102109,
757.888,0.0522741,0.0102503,
759.816,0.0463102,0.00984508,
761.744,0.0423603,0.00835425,
763.673,0.0408425,0.00571909,
765.601,0.041082,0.00263615,
767.530,0.0416694,0.000207385,
769.458,0.0411709,0.00108449,
771.387,0.038865,0.00177332,
773.315,0.0351568,0.00105922,
775.244,0.0314257,0.00759348,
777.172,0.0293082,0.0173563,
779.101,0.029714,0.0265186,
781.029,0.03209,0.035505,
782.958,0.0344086,0.0446524,
784.886,0.0340218,0.0538609,
786.815,0.0290133,0.0624099,
788.743,0.0193174,0.0690603,
790.671,0.00693377,0.0725781,
792.600,0.00237414,0.0726048,
794.528,0.0131212,0.0703945,
796.457,0.0251757,0.0687056,
798.385,0.0377917,0.0704562,
800.314,0.0500099,0.0766435,
802.242,0.0608257,0.0849098,
804.171,0.0694023,0.0902133,
806.099,0.0752537,0.0879625,
808.028,0.0783983,0.0782188,
809.956,0.0795139,0.0683867,
811.885,0.0800072,0.0722274,
813.813,0.0817389,0.105059,
815.742,0.0861888,0.177422,
817.670,0.0932691,0.290605,
819.598,0.10057,0.43645,
821.527,0.104025,0.601312,
823.455,0.100364,0.771774,
825.384,0.0904242,0.939052,
827.312,0.0813415,1.10032,
829.241,0.085725,1.25722,
831.169,0.117495,1.41324,
833.098,0.186194,1.57164,
835.026,0.292799,1.73471,
836.955,0.429398,1.90387,
838.883,0.582859,2.08016,
840.812,0.740354,2.2645,
842.740,0.89379,2.45779,
844.669,1.04124,2.6609,
846.597,1.18547,2.87438,
848.525,1.33115,3.09818,
850.454,1.48243,3.3314,
852.382,1.64178,3.57263,
854.311,1.80981,3.82054,
856.239,1.98562,4.07456,
858.168,2.16716,4.33484,
860.096,2.35181,4.6016,
862.025,2.53711,4.87443,
863.953,2.72153,5.1524,
865.882,2.90515,5.43497,
867.810,3.08997,5.72256,
869.739,3.27997,6.01612,
871.667,3.48064,6.31563,
873.596,3.69793,6.61941,
875.524,3.93656,6.925,
877.452,4.19829,7.2302,
879.381,4.48126,7.53074,
881.309,4.78087,7.81262,
883.238,5.092,8.0438,
885.166,5.41069,8.17548,
887.095,5.73436,8.16197,
889.023,6.06053,7.99586,
890.952,6.38605,7.73912,
892.880,6.708,7.52456,
894.809,7.02471,7.51425,
896.737,7.33329,7.82965,
898.666,7.62177,8.49116,
900.594,7.86034,9.40454,
902.523,8.00212,10.4037,
904.451,8.00246,11.3212,
906.379,7.85341,12.039,
908.308,7.61455,12.4888,
910.236,7.41466,12.6155,
912.165,7.41142,12.3508,
914.093,7.72353,11.6391,
916.022,8.37179,10.5154,
917.950,9.2656,9.17979,
919.879,10.2439,7.99823,
921.807,11.1428,7.39761,
923.736,11.8453,7.69453,
925.664,12.2821,8.95007,
927.593,12.3983,10.9366,
929.521,12.1279,13.2365,
931.450,11.4198,15.4165,
933.378,10.3102,17.1809,
935.306,8.99355,18.4324,
937.235,7.82276,19.2282,
939.163,7.21003,19.6753,
941.092,7.46451,19.8305,
943.020,8.65365,19.655,
944.949,10.5689,19.0401,
946.877,12.8162,17.8848,
948.806,14.9782,16.189,
950.734,16.7609,14.1162,
952.663,18.055,11.9906,
954.591,18.9002,10.2216,
956.520,19.3894,9.17973,
958.448,19.5747,9.07662,
960.377,19.4217,9.90241,
962.305,18.8292,11.4437,
964.233,17.7025,13.368,
966.162,16.0422,15.3326,
968.090,14.008,17.0755,
970.019,11.9185,18.468,
971.947,10.1778,19.525,
973.876,9.15308,20.3831,
975.804,9.0545,21.2493,
977.733,9.87187,22.327,
979.661,11.3923,23.7372,
981.590,13.2847,25.466,
983.518,15.2099,27.3667,
985.447,16.911,29.2207,
987.375,18.2651,30.8267,
989.304,19.2913,32.0707,
991.232,20.1258,32.941,
993.160,20.9691,33.4912,
995.089,22.012,33.7834,
997.017,23.3593,33.8483,
998.946,24.98,33.6747,
1000.874,26.7144,33.2163,
1002.803,28.3407,32.3955,
1004.731,29.6711,31.1019,
1006.660,30.6241,29.2022,
1008.588,31.2365,26.5815,
1010.517,31.6131,23.2113,
1012.445,31.8528,19.2135,
1014.374,31.9939,14.8769,
1016.302,31.9995,10.6079,
1018.231,31.775,6.83408,
1020.159,31.1916,3.91085,
1022.087,30.1044,2.07381,
1024.016,28.3706,1.4451,
1025.944,25.8861,2.06597,
1027.873,22.6399,3.91617,
1029.801,18.7654,6.90223,
1031.730,14.5519,10.8311,
1033.658,10.3971,15.4039,
1035.587,6.71819,20.2536,
1037.515,3.86347,25.0185,
1039.444,2.06548,29.4191,
1041.372,1.44596,33.3003,
1043.301,2.04712,36.6269,
1045.229,3.85186,39.4426,
1047.158,6.77376,41.8221,
1049.086,10.631,43.8386,
1051.014,15.1371,45.5528,
1052.943,19.9342,47.0145,
1054.871,24.663,48.2677,
1056.800,29.0395,49.3515,
1058.728,32.9024,50.2986,
1060.657,36.2122,51.1346,
1062.585,39.0139,51.8789,
1064.514,41.3862,52.5465,
1066.442,43.4044,53.1491,
1068.371,45.1254,53.6944,
1070.299,46.59,54.1854,
1072.228,47.8325,54.6199,
1074.156,48.888,54.9918,
1076.085,49.794,55.2935,
1078.013,50.5885,55.5198,
1079.941,51.3049,55.6701,
1081.870,51.9665,55.748,
1083.798,52.5828,55.7564,
1085.727,53.1499,55.6912,
1087.655,53.654,55.5373,
1089.584,54.0779,55.2696,
1091.512,54.4068,54.856,
1093.441,54.633,54.2595,
1095.369,54.7584,53.4348,
1097.298,54.7932,52.325,
1099.226,54.7526,50.8621,
1101.155,54.6502,48.9754,
1103.083,54.4923,46.6037,
1105.012,54.2743,43.6091,
1106.940,53.9808,40.1776,
1108.868,53.5871,36.1796,
1110.797,53.0577,31.6348,
1112.725,52.3406,26.6282,
1114.654,51.365,21.3465,
1116.582,50.0449,16.0869,
1118.511,48.2929,11.2163,
1120.439,46.0373,7.08753,
1122.368,43.1562,3.9509,
1124.296,39.7937,1.90959,
1126.225,35.8513,0.939614,
1128.153,31.3558,0.951865,
1130.082,26.3969,1.85179,
1132.010,21.1631,3.56077,
1133.939,15.951,5.99732,
1135.867,11.1246,9.04651,
1137.795,7.0333,12.5493,
1139.724,3.92468,16.3206,
1141.652,1.9012,20.1803,
1143.581,0.940197,23.9747,
1145.509,0.954956,27.5829,
1147.438,1.85289,30.9186,
1149.366,3.55575,33.9378,
1151.295,5.98073,36.6403,
1153.223,9.0108,39.0421,
1155.152,12.485,41.1118,
1157.080,16.2174,42.7067,
1159.009,20.0279,43.5737,
1160.937,23.7642,43.4617,
1162.866,27.3079,42.3195,
1164.794,30.5761,40.4695,
1166.723,33.5272,38.6146,
1168.651,36.1609,37.6159,
1170.579,38.489,38.1316,
1172.508,40.4746,40.3215,
1174.436,41.9724,43.7838,
1176.365,42.7344,47.749,
1178.293,42.5196,51.41,
1180.222,41.2825,54.2118,
1182.150,39.3302,55.9702,
1184.079,37.3205,56.7986,
1186.007,36.0467,56.9299,
1187.936,36.1065,56.5539,
1189.864,37.6453,55.743,
1191.793,40.3209,54.4623,
1193.721,43.4952,52.6147,
1195.650,46.5272,50.0764,
1197.578,49.0052,46.7195,
1199.506,50.8124,42.4438,
1201.435,52.0312,37.2358,
1203.363,52.7819,31.2385,
1205.292,53.1045,24.7872,
1207.220,52.9349,18.3744,
1209.149,52.1519,12.5421,
1211.077,50.6348,7.74425,
1213.006,48.2894,4.25183,
1214.934,45.0464,2.13755,
1216.863,40.8683,1.33591,
1218.791,35.7892,1.72803,
1220.720,29.9741,3.19671,
1222.648,23.7546,5.62152,
1224.577,17.599,8.81924,
1226.505,12.0161,12.4667,
1228.433,7.42993,16.0628,
1230.362,4.09311,18.9821,
1232.290,2.07494,20.6295,
1234.219,1.31813,20.6401,
1236.147,1.71621,19.0238,
1238.076,3.16009,16.1808,
1240.004,5.52747,12.7807,
1241.933,8.62382,9.54769,
1243.861,12.1138,7.03117,
1245.790,15.4965,5.48796,
1247.718,18.1691,4.97349,
1249.647,19.5812,5.56483,
1251.575,19.4208,7.49505,
1253.504,17.7383,11.0569,
1255.432,14.9457,16.3436,
1257.360,11.6914,23.0356,
1259.289,8.65423,30.4127,
1261.217,6.33207,37.594,
1263.146,4.94303,43.8407,
1265.074,4.52553,48.7549,
1267.003,5.15468,52.312,
1268.931,7.06301,54.7535,
1270.860,10.5367,56.4124,
1272.788,15.6614,57.57,
1274.717,22.1208,58.4056,
1276.645,29.218,59.0199,
1278.574,36.1153,59.4717,
1280.502,42.1273,59.7919,
1282.431,46.9046,59.9796,
1284.359,50.4483,60.003,
1286.287,52.9911,59.8158,
1288.216,54.8249,59.3798,
1290.144,56.1746,58.6764,
1292.073,57.1685,57.7006,
1294.001,57.8753,56.4456,
1295.930,58.3482,54.8957,
1297.858,58.6385,53.042,
1299.787,58.7841,50.9125,
1301.715,58.7922,48.5828,
1303.644,58.6417,46.1348,
1305.572,58.2988,43.5822,
1307.501,57.7311,40.8286,
1309.429,56.9099,37.7109,
1311.358,55.803,34.1001,
1313.286,54.3764,29.9822,
1315.214,52.6142,25.4678,
1317.143,50.5481,20.7476,
1319.071,48.2623,16.0525,
1321.000,45.8481,11.6533,
1322.928,43.3247,7.87032,
1324.857,40.5982,5.00557,
1326.785,37.5069,3.18434,
1328.714,33.924,2.26971,
1330.642,29.838,1.98704,
1332.571,25.3606,2.13035,
1334.499,20.6803,2.65373,
1336.428,16.0222,3.60717,
1338.356,11.6509,4.97405,
1340.285,7.88333,6.51381,
1342.213,5.02337,7.76359,
1344.141,3.20167,8.25851,
1346.070,2.28591,7.79103,
1347.998,2.00304,6.49517,
1349.927,2.146,4.75442,
1351.855,2.66659,3.05016,
1353.784,3.61246,1.82668,
1355.712,4.96578,1.40202,
1357.641,6.48688,1.93261,
1359.569,7.71648,3.41318,
1361.498,8.19549,5.68552,
1363.426,7.72222,8.47912,
1365.355,6.43291,11.5363,
1367.283,4.70758,14.7587,
1369.212,3.01959,18.2377,
1371.140,1.80398,22.1836,
1373.068,1.37212,26.836,
1374.997,1.87831,32.3329,
1376.925,3.31853,38.4947,
1378.854,5.53525,44.6832,
1380.782,8.2541,50.0742,
1382.711,11.2091,54.2086,
1384.639,14.2926,57.1669,
1386.568,17.5874,59.2827,
1388.496,21.293,60.8535,
1390.425,25.6331,62.0496,
1392.353,30.7297,62.9436,
1394.282,36.4017,63.5741,
1396.210,42.0411,64.0005,
1398.139,46.8808,64.3134,
1400.067,50.5144,64.5984,
1401.995,53.052,64.9006,
1403.924,54.8465,65.2358,
1405.852,56.2241,65.635,
1407.781,57.3987,66.1787,
1409.709,58.4864,66.9771,
1411.638,59.5338,68.0781,
1413.566,60.5381,69.3697,
1415.495,61.4668,70.6258,
1417.423,62.2823,71.6707,
1419.352,62.9644,72.463,
1421.280,63.527,73.0603,
1423.209,64.0276,73.5542,
1425.137,64.5668,74.0147,
1427.066,65.2528,74.4567,
1428.994,66.1155,74.8557,
1430.922,67.0323,75.1933,
1432.851,67.7884,75.4693,
1434.779,68.2322,75.6827,
1436.708,68.3479,75.8252,
1438.636,68.234,75.8932,
1440.565,68.0773,75.9027,
1442.493,68.122,75.9028,
1444.422,68.5721,75.9713,
1446.350,69.4495,76.1812,
1448.279,70.5742,76.5477,
1450.207,71.7114,77.0081,
1452.136,72.6991,77.4599,
1454.064,73.4662,77.818,
1455.993,74.0025,78.0492,
1457.921,74.3406,78.182,
1459.849,74.5556,78.2991,
1461.778,74.7638,78.503,
1463.706,75.0822,78.8486,
1465.635,75.5507,79.3036,
1467.563,76.1007,79.7846,
1469.492,76.6175,80.2119,
1471.420,77.0145,80.5345,
1473.349,77.2632,80.7352,
1475.277,77.3932,80.8209,
1477.206,77.4861,80.8023,
1479.134,77.6496,80.6684,
1481.063,77.9548,80.3798,
1482.991,78.3766,79.8912,
1484.920,78.8146,79.1863,
1486.848,79.164,78.2983,
1488.776,79.3543,77.3133,
1490.705,79.3543,76.3611,
1492.633,79.1686,75.5941,
1494.562,78.8342,75.1442,
1496.490,78.4082,75.067,
1498.419,77.9394,75.3078,
1500.347,77.4403,75.7205,
1502.276,76.8879,76.1352,
1504.204,76.2599,76.4284,
1506.133,75.5716,76.5534,
1508.061,74.8913,76.5268,
1509.990,74.3282,76.3874,
1511.918,73.9932,76.1602,
1513.847,73.9442,75.8455,
1515.775,74.1447,75.4328,
1517.703,74.4674,74.9161,
1519.632,74.7433,74.2848,
1521.560,74.8263,73.4825,
1523.489,74.637,72.3686,
1525.417,74.1765,70.7455,
1527.346,73.5138,68.4726,
1529.274,72.7572,65.5818,
1531.203,72.0232,62.2895,
1533.131,71.411,58.9147,
1535.060,70.9789,55.796,
1536.988,70.7074,53.2526,
1538.917,70.4543,51.5424,
1540.845,69.9442,50.7636,
1542.774,68.8522,50.7585,
1544.702,66.9718,51.1783,
1546.630,64.3422,51.6888,
1548.559,61.2247,52.1093,
1550.487,57.9782,52.4056,
1552.416,54.9578,52.6193,
1554.344,52.4801,52.7909,
1556.273,50.7963,52.8748,
1558.201,50.0051,52.6951,
1560.130,49.9589,52.0181,
1562.058,50.3194,50.67,
1563.987,50.7558,48.564,
1565.915,51.0849,45.6731,
1567.844,51.273,42.0169,
1569.772,51.377,37.6786,
1571.701,51.4755,32.8533,
1573.629,51.5719,27.912,
1575.557,51.5066,23.3898,
1577.486,51.0071,19.7976,
1579.414,49.8433,17.3657,
1581.343,47.898,15.9771,
1583.271,45.1402,15.3019,
1585.200,41.5955,14.9233,
1587.128,37.353,14.3946,
1589.057,32.6103,13.3486,
1590.985,27.7378,11.6976,
1592.914,23.2688,9.67959,
1594.842,19.7132,7.62184,
1596.771,17.3015,5.71774,
1598.699,15.9184,4.01705,
1600.628,15.2355,2.52755,
1602.556,14.8387,1.30541,
1604.484,14.287,0.461439,
1606.413,13.2223,0.0445222,
1608.341,11.5657,1.00001E-8,
1610.270,9.55758,1.00014E-8,
1612.198,7.52041,1.00029E-8,
1614.127,5.64108,1.00043E-8,
1616.055,3.96474,1.00051E-8,
1617.984,2.49658,1.00053E-8,
1619.912,1.2911,1.00056E-8,
1621.841,0.457836,0.0912163,
1623.769,0.0456542,0.333646,
1625.698,1.00002E-8,0.853293,
1627.626,1.0001E-8,1.81888,
1629.555,1.00022E-8,3.32628,
1631.483,1.00036E-8,5.26623,
1633.412,1.00047E-8,7.3582,
1635.340,1.00052E-8,9.34373,
1637.268,1.00052E-8,11.111,
1639.197,1.00053E-8,12.6854,
1641.125,0.0905637,14.1795,
1643.054,0.329975,15.7475,
1644.982,0.842586,17.5207,
1646.911,1.79613,19.5285,
1648.839,3.2872,21.6578,
1650.768,5.20907,23.685,
1652.696,7.28387,25.3598,
1654.625,9.25452,26.511,
1656.553,11.0099,27.1558,
1658.482,12.5764,27.5695,
1660.410,14.0686,28.2686,
1662.339,15.6414,29.8861,
1664.267,17.4245,32.9432,
1666.195,19.4428,37.5486,
1668.124,21.5795,43.1989,
1670.052,23.6104,48.9597,
1671.981,25.288,53.9953,
1673.909,26.4449,57.959,
1675.838,27.0998,60.9396,
1677.766,27.5252,63.1766,
1679.695,28.2304,64.8431,
1681.623,29.8403,65.9838,
1683.552,32.8704,66.5531,
1685.480,37.4305,66.4761,
1687.409,43.0271,65.6919,
1689.337,48.7397,64.1782,
1691.266,53.7422,61.9815,
1693.194,57.6884,59.259,
1695.122,60.6603,56.3018,
1697.051,62.8884,53.5128,
1698.979,64.5392,51.3405,
1700.908,65.6551,50.185,
1702.836,66.1927,50.2954,
1704.765,66.0846,51.6868,
1706.693,65.2806,54.1198,
1708.622,63.7678,57.171,
1710.550,61.597,60.3774,
1712.479,58.9223,63.3788,
1714.407,56.0256,65.9882,
1716.336,53.2987,68.1732,
1718.264,51.1804,69.9907,
1720.193,50.0643,71.5249,
1722.121,50.1975,72.8502,
1724.049,51.5968,74.0211,
1725.978,54.0269,75.0763,
1727.906,57.0688,76.0485,
1729.835,60.2609,76.9712,
1731.763,63.2412,77.8785,
1733.692,65.8186,78.7946,
1735.620,67.9579,79.7186,
1737.549,69.7186,80.6101,
1739.477,71.1939,81.3904,
1741.406,72.4736,81.9741,
1743.334,73.6257,82.3154,
1745.263,74.6917,82.4263,
1747.191,75.6923,82.35,
1749.120,76.6411,82.1225,
1751.048,77.5547,81.7564,
1752.976,78.4501,81.2469,
1754.905,79.3317,80.5897,
1756.833,80.1758,79.796,
1758.762,80.9252,78.9048,
1760.690,81.5093,77.994,
1762.619,81.8815,77.1856,
1764.547,82.0399,76.6241,
1766.476,82.0113,76.4207,
1768.404,81.821,76.6051,
1770.333,81.4769,77.1274,
1772.261,80.9737,77.9015,
1774.190,80.3075,78.8411,
1776.118,79.4912,79.8699,
1778.047,78.5687,80.9191,
1779.975,77.6278,81.9256,
1781.903,76.8038,82.8333,
1783.832,76.2514,83.5962,
1785.760,76.0818,84.1819,
1787.689,76.3128,84.5777,
1789.617,76.8785,84.7962,
1791.546,77.6794,84.8734,
1793.474,78.6239,84.857,
1795.403,79.6371,84.7907,
1797.331,80.6563,84.7043,
1799.260,81.6259,84.6148,
1801.188,82.4972,84.5355,
1803.117,83.2302,84.4837,
1805.045,83.7978,84.4813,
1806.974,84.1902,84.5474,
1808.902,84.4191,84.687,
1810.830,84.5151,84.884,
1812.759,84.5184,85.101,
1814.687,84.4653,85.2896,
1816.616,84.3823,85.4065,
1818.544,84.2878,85.4285,
1820.473,84.1992,85.3549,
1822.401,84.1377,85.1972,
1824.330,84.1262,84.9659,
1826.258,84.1811,84.6626,
1828.187,84.3046,84.2839,
1830.115,84.48,83.8285,
1832.044,84.6747,83.3071,
1833.972,84.8479,82.7493,
1835.901,84.9641,82.2052,
1837.829,85.0022,81.7378,
1839.757,84.9576,81.4061,
1841.686,84.8342,81.2435,
1843.614,84.634,81.2457,
1845.543,84.3527,81.3747,
1847.471,83.984,81.5735,
1849.400,83.5262,81.7819,
1851.328,82.9928,81.9494,
1853.257,82.4188,82.0423,
1855.185,81.8616,82.0429,
1857.114,81.391,81.9438,
1859.042,81.0692,81.7424,
1860.971,80.9274,81.4442,
1862.899,80.9549,81.0728,
1864.828,81.1066,80.6804,
1866.756,81.3211,80.3458,
1868.684,81.5372,80.1585,
1870.613,81.7061,80.1944,
1872.541,81.7956,80.4941,
1874.470,81.7893,81.0489,
1876.398,81.681,81.8024,
1878.327,81.4711,82.667,
1880.255,81.169,83.546,
1882.184,80.8021,84.3533,
1884.112,80.4232,85.0248,
1886.041,80.108,85.5242,
1887.969,79.9409,85.8443,
1889.898,79.9928,86.0037,
1891.826,80.301,86.0362,
1893.755,80.8557,85.9778,
1895.683,81.6004,85.8586,
1897.611,82.4474,85.702,
1899.540,83.3013,85.5308,
1901.468,84.0793,85.3704,
1903.397,84.7235,85.2469,
1905.325,85.2047,85.1797,
1907.254,85.5202,85.1751,
1909.182,85.6883,85.2266,
1911.111,85.7374,85.3207,
1913.039,85.6967,85.4451,
1914.968,85.591,85.5928,
1916.896,85.4423,85.7597,
1918.825,85.2743,85.9399,
1920.753,85.1139,86.1218,
1922.682,84.988,86.2911,
1924.610,84.9152,86.4367,
1926.538,84.902,86.5559,
1928.467,84.9429,86.6532,
1930.395,85.0276,86.733,
1932.324,85.1467,86.7904,
1934.252,85.2943,86.8073,
1936.181,85.4655,86.754,
1938.109,85.6515,86.5964,
1940.038,85.8385,86.3019,
1941.966,86.0107,85.8426,
1943.895,86.157,85.1966,
1945.823,86.2748,84.3539,
1947.752,86.3685,83.3307,
1949.680,86.443,82.1848,
1951.609,86.4937,81.0243,
1953.537,86.5041,79.9971,
1955.465,86.4467,79.2586,
1957.394,86.2888,78.9296,
1959.322,85.9987,79.0575,
1961.251,85.5479,79.5987,
1963.179,84.9131,80.4316,
1965.108,84.0838,81.3941,
1967.036,83.0755,82.3275,
1968.965,81.9459,83.11,
1970.893,80.8022,83.6695,
1972.822,79.7904,83.9805,
1974.750,79.0645,84.0539,
1976.679,78.744,83.9256,
1978.607,78.8757,83.6483,
1980.536,79.4165,83.2848,
1982.464,80.2457,82.9014,
1984.392,81.202,82.5612,
1986.321,82.1277,82.316,
1988.249,82.9023,82.2001,
1990.178,83.455,82.2261,
1992.106,83.7614,82.385,
1994.035,83.8328,82.6494,
1995.963,83.7051,82.9788,
1997.892,83.4304,83.33,
1999.820,83.0707,83.6604,
2001.749,82.6922,83.9392,
2003.677,82.3577,84.1505,
2005.606,82.1187,84.2928,
2007.534,82.0086,84.3758,
2009.463,82.0389,84.4125,
2011.391,82.1996,84.4114,
2013.319,82.4629,84.3714,
2015.248,82.7891,84.2825,
2017.176,83.1358,84.1335,
2019.105,83.4614,83.9243,
2021.033,83.7357,83.6753,
2022.962,83.9427,83.4297,
2024.890,84.081,83.2444,
2026.819,84.16,83.1718,
2028.747,84.193,83.2418,
2030.676,84.1889,83.4501,
2032.604,84.147,83.7592,
2034.533,84.0578,84.1122,
2036.461,83.9103,84.4507,
2038.390,83.7044,84.7309,
2040.318,83.4599,84.931,
2042.246,83.2193,85.0483,
2044.175,83.038,85.09,
2046.103,82.9678,85.0625,
2048.032,83.0381,84.966,
2049.960,83.2447,84.7932,
2051.889,83.5513,84.5327,
2053.817,83.9016,84.1719,
2055.746,84.2379,83.6983,
2057.674,84.5168,83.1019,
2059.603,84.7163,82.381,
2061.531,84.8335,81.554,
2063.460,84.8753,80.6727,
2065.388,84.8482,79.8261,
2067.317,84.7523,79.1281,
2069.245,84.5804,78.6876,
2071.173,84.3212,78.5723,
2073.102,83.962,78.7842,
2075.030,83.4906,79.2592,
2076.959,82.8972,79.8915,
2078.887,82.1807,80.5697,
2080.816,81.3599,81.2061,
2082.744,80.4865,81.7488,
2084.673,79.6487,82.1757,
2086.601,78.9595,82.4825,
2088.530,78.5262,82.6747,
2090.458,78.4155,82.7661,
2092.387,78.6288,82.7797,
2094.315,79.1022,82.7465,
2096.244,79.7307,82.6981,
2098.172,80.404,82.6592,
2100.101,81.0353,82.6431,
2102.029,81.5731,82.6538,
2103.957,81.9954,82.6908,
2105.886,82.2984,82.7524,
2107.814,82.4875,82.8356,
2109.743,82.5766,82.9333,
2111.671,82.5887,83.0339,
2113.600,82.5544,83.1236,
2115.528,82.5052,83.1919,
2117.457,82.4654,83.2348,
2119.385,82.4482,83.2554,
2121.314,82.4575,83.2613,
2123.242,82.4928,83.2617,
2125.171,82.5526,83.2652,
2127.099,82.6335,83.2787,
2129.028,82.7284,83.309,
2130.956,82.8258,83.3622,
2132.884,82.9119,83.4443,
2134.813,82.9763,83.5589,
2136.741,83.0152,83.705,
2138.670,83.0322,83.8744,
2140.598,83.0347,84.0519,
2142.527,83.0325,84.2186,
2144.455,83.0344,84.3585,
2146.384,83.0477,84.4659,
2148.312,83.0786,84.5474,
2150.241,83.1329,84.6163,
2152.169,83.2158,84.6826,
2154.098,83.3307,84.7434,
2156.026,83.4762,84.7825,
2157.955,83.6444,84.78,
2159.883,83.8199,84.7267,
2161.811,83.9839,84.6347,
2163.740,84.121,84.5359,
2165.668,84.2256,84.4678,
2167.597,84.3045,84.4547,
2169.525,84.3713,84.4947,
2171.454,84.4357,84.5586,
2173.382,84.4948,84.6023,
2175.311,84.5327,84.5854,
2177.239,84.5295,84.4872,
2179.168,84.4762,84.3144,
2181.096,84.3848,84.0985,
2183.025,84.2865,83.8857,
2184.953,84.2182,83.7237,
2186.882,84.204,83.6487,
2188.810,84.2422,83.6771,
2190.738,84.3041,83.8033,
2192.667,84.3464,84.0041,
2194.595,84.3288,84.2474,
2196.524,84.2303,84.5008,
2198.452,84.0568,84.7379,
2200.381,83.8388,84.9415,
2202.309,83.6219,85.1037,
2204.238,83.4535,85.2239,
2206.166,83.37,85.3053,
2208.095,83.3878,85.3486,
2210.023,83.5016,85.3465,
2211.952,83.6883,85.2823,
2213.880,83.9158,85.1363,
2215.809,84.152,84.8984,
2217.737,84.3713,84.581,
2219.665,84.5577,84.2239,
2221.594,84.7044,83.8854,
2223.522,84.8122,83.6234,
2225.451,84.8843,83.4768,
2227.379,84.9211,83.4588,
2229.308,84.9139,83.5644,
2231.236,84.8451,83.7805,
2233.165,84.6943,84.0872,
2235.093,84.4517,84.4458,
2237.022,84.1309,84.7957,
2238.950,83.7723,85.0775,
2240.879,83.4345,85.2648,
2242.807,83.1749,85.3712,
2244.736,83.0309,85.428,
2246.664,83.0133,85.4614,
2248.592,83.1141,85.4806,
2250.521,83.3185,85.4806,
2252.449,83.6071,85.4566,
2254.378,83.9446,85.4229,
2256.306,84.2736,85.4149,
2258.235,84.5351,85.4638,
2260.163,84.7034,85.5663,
2262.092,84.795,85.6802,
2264.020,84.8457,85.7458,
2265.949,84.882,85.7143,
2267.877,84.907,85.5695,
2269.806,84.907,85.3318,
2271.734,84.8748,85.0466,
2273.663,84.8338,84.7664,
2275.591,84.8325,84.5366,
2277.519,84.9054,84.3872,
2279.448,85.0424,84.3296,
2281.376,85.1926,84.3573,
2283.305,85.2908,84.4498,
2285.233,85.2861,84.5788,
2287.162,85.1627,84.7156,
2289.090,84.9432,84.8366,
2291.019,84.6763,84.9255,
2292.947,84.4173,84.9723,
2294.876,84.212,84.9704,
2296.804,84.0886,84.9152,
2298.733,84.0555,84.8044,
2300.661,84.1029,84.6389,
2302.590,84.2083,84.4229,
2304.518,84.3432,84.1638,
2306.446,84.4805,83.8718,
2308.375,84.5989,83.561,
2310.303,84.6845,83.2505,
2312.232,84.7286,82.9646,
2314.160,84.7248,82.7317,
2316.089,84.668,82.5798,
2318.017,84.5557,82.5309,
2319.946,84.3885,82.5937,
2321.874,84.1709,82.7591,
2323.803,83.9101,82.9988,
2325.731,83.6163,83.2697,
2327.660,83.3034,83.5236,
2329.588,82.9902,83.7192,
2331.517,82.7011,83.8316,
2333.445,82.4645,83.8565,
2335.373,82.3085,83.8071,
2337.302,82.2554,83.7067,
2339.230,82.3147,83.5807,
2341.159,82.4776,83.4519,
2343.087,82.7162,83.3364,
2345.016,82.9873,83.2424,
2346.944,83.2426,83.1681,
2348.873,83.4405,83.1023,
2350.801,83.5559,83.0296,
2352.730,83.5844,82.9389,
2354.658,83.539,82.8339,
2356.587,83.4427,82.7375,
2358.515,83.3211,82.6871,
2360.444,83.1962,82.7208,
2362.372,83.0841,82.8602,
2364.300,82.9924,83.1002,
2366.229,82.9194,83.4088,
2368.157,82.8543,83.7397,
2370.086,82.7822,84.0487,
2372.014,82.6927,84.3082,
2373.943,82.5899,84.5118,
2375.871,82.4966,84.6698,
2377.800,82.4494,84.7993,
2379.728,82.4854,84.9149,
2381.657,82.6257,85.0233,
2383.585,82.8647,85.1236,
2385.514,83.1709,85.211,
2387.442,83.4988,85.2797,
2389.371,83.8051,85.3258,
2391.299,84.0626,85.3463,
2393.227,84.2648,85.3394,
2395.156,84.4221,85.3033,
2397.084,84.5512,85.2364,
2399.013,84.6663,85.1371,
2400.941,84.774,85.0027,
2402.870,84.8732,84.8284,
2404.798,84.959,84.6064,
2406.727,85.0256,84.3287,
2408.655,85.0692,83.9914,
2410.584,85.0871,83.5999,
2412.512,85.0776,83.1718,
2414.441,85.0391,82.7353,
2416.369,84.9702,82.3234,
2418.298,84.8694,81.9662,
2420.226,84.734,81.6842,
2422.154,84.5589,81.4867,
2424.083,84.3364,81.3719,
2426.011,84.0585,81.3315,
2427.940,83.7213,81.354,
2429.868,83.3302,81.4275,
2431.797,82.9028,81.5414,
2433.725,82.467,81.6864,
2435.654,82.0556,81.8545,
2437.582,81.6985,82.0372,
2439.511,81.4162,82.2232,
2441.439,81.2177,82.3969,
2443.368,81.1013,82.5385,
2445.296,81.0584,82.6253,
2447.225,81.0771,82.6365,
2449.153,81.1457,82.5581,
2451.081,81.2534,82.387,
2453.010,81.3918,82.1334,
2454.938,81.5534,81.8205,
2456.867,81.7302,81.4813,
2458.795,81.9112,81.154,
2460.724,82.0809,80.8745,
2462.652,82.2189,80.6698,
2464.581,82.3028,80.5518,
2466.509,82.3119,80.5158,
2468.438,82.2332,80.5424,
2470.366,82.0645,80.6043,
2472.295,81.8166,80.6754,
2474.223,81.5125,80.7386,
2476.152,81.1845,80.7896,
2478.080,80.8692,80.8347,
2480.008,80.6011,80.8837,
2481.937,80.4059,80.9414,
2483.865,80.2955,80.9999,
2485.794,80.2651,81.0367,
2487.722,80.2959,81.0171,
2489.651,80.361,80.9005,
2491.579,80.4348,80.6504,
2493.508,80.5,80.2444,
2495.436,80.5522,79.6849,
2497.365,80.5976,79.0057,
2499.293,80.6458,78.2722,
2501.222,80.7016,77.5726,
2503.150,80.7575,76.9987,
2505.079,80.7912,76.6245,
2507.007,80.7685,76.489,
2508.935,80.6496,76.59,
2510.864,80.3987,76.8901,
2512.792,79.9944,77.3303,
2514.721,79.4393,77.844,
2516.649,78.7675,78.3672,
2518.578,78.044,78.8433,
2520.506,77.3557,79.2251,
2522.435,76.7929,79.4737,
2524.363,76.4281,79.5578,
2526.292,76.2994,79.451,
2528.220,76.4042,79.1319,
2530.149,76.7053,78.5881,
2532.077,77.1441,77.8235,
2534.006,77.6544,76.8682,
2535.934,78.1727,75.7825,
2537.862,78.643,74.6527,
2539.791,79.0186,73.5777,
2541.719,79.2614,72.6489,
2543.648,79.3408,71.9278,
2545.576,79.231,71.4243,
2547.505,78.911,71.0817,
2549.433,78.3685,70.7747,
2551.362,77.6076,70.3319,
2553.290,76.658,69.5827,
2555.219,75.5794,68.4193,
2557.147,74.4573,66.849,
2559.076,73.3892,65.0107,
2561.004,72.4654,63.1447,
2562.933,71.746,61.5276,
2564.861,71.2408,60.4028,
2566.790,70.8931,59.9324,
2568.718,70.5796,60.1832,
2570.646,70.1313,61.135,
2572.575,69.3805,62.6967,
2574.503,68.2218,64.7177,
2576.432,66.6631,67.0006,
2578.360,64.8419,69.3244,
2580.289,62.9954,71.4834,
2582.217,61.397,73.3286,
2584.146,60.2867,74.7954,
2586.074,59.8245,75.9019,
2588.003,60.0759,76.7209,
2589.931,61.0208,77.3409,
2591.860,62.5684,77.835,
2593.788,64.5697,78.2474,
2595.717,66.8291,78.597,
2597.645,69.1284,78.8881,
2599.573,71.2648,79.1202,
2601.502,73.0918,79.2945,
2603.430,74.5462,79.4175,
2605.359,75.646,79.5015,
2607.287,76.4631,79.5635,
2609.216,77.084,79.6194,
2611.144,77.5797,79.6768,
2613.073,77.9931,79.7296,
2615.001,78.3424,79.7584,
2616.930,78.6322,79.7388,
2618.858,78.8631,79.6533,
2620.787,79.0372,79.5011,
2622.715,79.161,79.3011,
2624.644,79.2465,79.0848,
2626.572,79.3096,78.8846,
2628.500,79.3654,78.7214,
2630.429,79.4216,78.598,
2632.357,79.4724,78.4996,
2634.286,79.4993,78.4016,
2636.214,79.4788,78.2766,
2638.143,79.3938,78.0999,
2640.071,79.2436,77.8485,
2642.000,79.0464,77.4982,
2643.928,78.8331,77.0234,
2645.857,78.6352,76.4041,
2647.785,78.473,75.6386,
2649.714,78.3491,74.7557,
2651.642,78.2493,73.8174,
2653.571,78.1496,72.9054,
2655.499,78.0234,72.0959,
2657.427,77.8465,71.433,
2659.356,77.5956,70.9128,
2661.284,77.2461,70.4886,
2663.213,76.7725,70.092,
2665.141,76.155,69.6611,
2667.070,75.3927,69.1602,
2668.998,74.5152,68.5845,
2670.927,73.5841,67.9482,
2672.855,72.6802,67.2627,
2674.784,71.8785,66.5179,
2676.712,71.2216,65.6723,
2678.641,70.7053,64.6629,
2680.569,70.2829,63.43,
2682.498,69.8867,61.9531,
2684.426,69.4554,60.2799,
2686.354,68.954,58.5314,
2688.283,68.3781,56.8733,
2690.211,67.7419,55.4601,
2692.140,67.0572,54.3732,
2694.068,66.3139,53.5845,
2695.997,65.4714,52.9632,
2697.925,64.4671,52.324,
2699.854,63.2421,51.4892,
2701.782,61.7761,50.337,
2703.711,60.1159,48.8147,
2705.639,58.3805,46.9227,
2707.568,56.7334,44.6893,
2709.496,55.3267,42.1573,
2711.425,54.2405,39.3899,
2713.353,53.4466,36.4859,
2715.281,52.8154,33.5858,
2717.210,52.1631,30.855,
2719.138,51.3143,28.4472,
2721.067,50.1493,26.4597,
2722.995,48.6179,24.9017,
2724.924,46.7234,23.686,
2726.852,44.4966,22.647,
2728.781,41.9815,21.58,
2730.709,39.2405,20.289,
2732.638,36.3694,18.633,
2734.566,33.504,16.5605,
2736.495,30.8054,14.1222,
2738.423,28.4237,11.4611,
2740.352,26.4548,8.78034,
2742.280,24.9083,6.29582,
2744.208,23.6984,4.18662,
2746.137,22.6618,2.55623,
2748.065,21.5953,1.4179,
2749.994,20.3045,0.707699,
2751.922,18.6493,0.317375,
2753.851,16.5782,0.131915,
2755.779,14.1415,0.0578549,
2757.708,11.4812,0.0357162,
2759.636,8.79912,0.0381939,
2761.565,6.31065,0.0605247,
2763.493,4.19494,0.109617,
2765.422,2.55645,0.19568,
2767.350,1.40989,0.326872,
2769.279,0.6927,0.505838,
2771.207,0.297427,0.727309,
2773.135,0.109141,0.97699,
2775.064,0.0339133,1.23258,
2776.992,0.0115989,1.46735,
2778.921,0.014334,1.65553,
2780.849,0.0370445,1.77783,
2782.778,0.0865497,1.8253,
2784.706,0.173086,1.80007,
2786.635,0.304851,1.71324,
2788.563,0.484507,1.58099,
2790.492,0.70676,1.4205,
2792.420,0.957263,1.24704,
2794.349,1.21365,1.07269,
2796.277,1.44914,0.906085,
2798.206,1.63795,0.752671,
2800.134,1.76089,0.61503,
2802.062,1.80911,0.493423,
2803.991,1.78485,0.386802,
2805.919,1.69917,0.294115,
2807.848,1.56806,0.215274,
2809.776,1.40839,0.151136,
2811.705,1.2352,0.102481,
2813.633,1.06044,0.0687414,
2815.562,0.892866,0.0475113,
2817.490,0.738216,0.0352745,
2819.419,0.599404,0.0288457,
2821.347,0.47696,0.0264615,
2823.276,0.369932,0.0277681,
2825.204,0.277162,0.0328264,
2827.133,0.198277,0.0409627,
2829.061,0.133779,0.0503336,
2830.989,0.0841818,0.0584911,
2832.918,0.0488855,0.0635269,
2834.846,0.0257456,0.0650453,
2836.775,0.0117133,0.0643955,
2838.703,0.00406724,0.064071,
2840.632,0.00128089,0.0666314,
2842.560,0.00289663,0.0736879,
2844.489,0.00859164,0.0853857,
2846.417,0.0172275,0.100525,
2848.346,0.0266369,0.117174,
2850.274,0.0343138,0.13353,
2852.203,0.0385318,0.148967,
2854.131,0.0391747,0.165577,
2856.060,0.0377983,0.190791,
2857.988,0.0369241,0.241531,
2859.916,0.0389621,0.349503,
2861.845,0.0452924,0.565999,
2863.773,0.0558789,0.963508,
2865.702,0.0694876,1.63139,
2867.630,0.0843187,2.66424,
2869.559,0.0988106,4.14439,
2871.487,0.112593,6.12271,
2873.416,0.127951,8.60424,
2875.344,0.152423,11.5441,
2877.273,0.202961,14.8552,
2879.201,0.311224,18.425,
2881.130,0.528329,22.1336,
2883.058,0.926347,25.8691,
2884.987,1.59385,29.5362,
2886.915,2.62428,33.06,
2888.843,4.09846,36.3864,
2890.772,6.06576,39.4805,
2892.700,8.53008,42.3234,
2894.629,11.4462,44.9088,
2896.557,14.7277,47.2393,
2898.486,18.264,49.3236,
2900.414,21.9381,51.1758,
2902.343,25.6411,52.8142,
2904.271,29.2806,54.2606,
2906.200,32.7833,55.5392,
2908.128,36.0956,56.6751,
2910.057,39.1818,57.6932,
2911.985,42.0215,58.6182,
2913.914,44.6067,59.4744,
2915.842,46.938,60.2863,
2917.770,49.0231,61.0776,
2919.699,50.8748,61.8707,
2921.627,52.5111,62.6834,
2923.556,53.9536,63.5255,
2925.484,55.2266,64.3949,
2927.413,56.3556,65.2764,
2929.341,57.3653,66.1434,
2931.270,58.2798,66.9641,
2933.198,59.1225,67.7082,
2935.127,59.9169,68.3536,
2937.055,60.6866,68.8899,
2938.984,61.4551,69.3202,
2940.912,62.2425,69.6603,
2942.841,63.0612,69.9363,
2944.769,63.9117,70.1805,
2946.697,64.7798,70.4256,
2948.626,65.6378,70.6994,
2950.554,66.451,71.0209,
2952.483,67.1852,71.4003,
2954.411,67.8145,71.8403,
2956.340,68.3266,72.338,
2958.268,68.7248,72.8855,
2960.197,69.0279,73.4688,
2962.125,69.2669,74.0678,
2964.054,69.479,74.6592,
2965.982,69.7008,75.2209,
2967.911,69.9609,75.7379,
2969.839,70.277,76.204,
2971.768,70.6554,76.6213,
2973.696,71.0952,76.997,
2975.624,71.5907,77.3395,
2977.553,72.1336,77.6564,
2979.481,72.7113,77.9533,
2981.410,73.3064,78.2341,
2983.338,73.898,78.5002,
2985.267,74.465,78.7505,
2987.195,74.992,78.9818,
2989.124,75.4715,79.1901,
2991.052,75.904,79.3717,
2992.981,76.2958,79.5254,
2994.909,76.6548,79.6523,
2996.838,76.9886,79.7558,
2998.766,77.3026,79.8398,
3000.695,77.5996,79.9078,
3002.623,77.8802,79.9623,
3004.551,78.1423,80.0061,
3006.480,78.3822,80.0422,
3008.408,78.5959,80.0748,
3010.337,78.781,80.1085,
3012.265,78.9378,80.147,
3014.194,79.0691,80.1928,
3016.122,79.1796,80.2465,
3018.051,79.2737,80.3079,
3019.979,79.3546,80.3763,
3021.908,79.4244,80.4513,
3023.836,79.4846,80.5324,
3025.765,79.5376,80.619,
3027.693,79.5868,80.7106,
3029.622,79.636,80.807,
3031.550,79.6886,80.909,
3033.479,79.7469,81.0178,
3035.407,79.8117,81.1344,
3037.335,79.8829,81.2589,
3039.264,79.9603,81.3906,
3041.192,80.0433,81.5287,
3043.121,80.1311,81.6721,
3045.049,80.2229,81.8199,
3046.978,80.3182,81.9701,
3048.906,80.4171,82.1189,
3050.835,80.5213,82.2608,
3052.763,80.6325,82.3902,
3054.692,80.7523,82.5032,
3056.620,80.8806,82.5989,
3058.549,81.016,82.6793,
3060.477,81.1566,82.7485,
3062.406,81.3009,82.8117,
3064.334,81.4481,82.8737,
3066.262,81.5968,82.9401,
3068.191,81.7444,83.0149,
3070.119,81.8864,83.1013,
3072.048,82.0176,83.1994,
3073.976,82.1336,83.3064,
3075.905,82.2327,83.4162,
3077.833,82.316,83.5215,
3079.762,82.3871,83.6155,
3081.690,82.4511,83.6938,
3083.619,82.5354,83.7542,
3085.547,82.6022,83.7968,
3087.476,82.6769,83.8218,
3089.404,82.7615,83.8294,
3091.333,82.8556,83.8196,
3093.261,82.956,83.7925,
3095.189,83.0576,83.749,
3097.118,83.1545,83.6915,
3099.046,83.2418,83.6232,
3100.975,83.316,83.5472,
3102.903,83.3753,83.4663,
3104.832,83.4187,83.383,
3106.760,83.4457,83.2996,
3108.689,83.4556,83.2191,
3110.617,83.448,83.1445,
3112.546,83.4229,83.0782,
3114.474,83.3819,83.0205,
3116.403,83.3271,82.9696,
3118.331,83.2615,82.9214,
3120.260,83.188,82.8716,
3122.188,83.1093,82.8176,
3124.116,83.0277,82.76,
3126.045,82.9456,82.7026,
3127.973,82.8658,82.6516,
3129.902,82.7912,82.6126,
3131.830,82.7242,82.5892,
3133.759,82.6656,82.5824,
3135.687,82.614,82.5913,
3137.616,82.5662,82.6144,
3139.544,82.5185,82.6511,
3141.473,82.468,82.7011,
3143.401,82.4149,82.7643,
3145.330,82.3622,82.8399,
3147.258,82.3152,82.9262,
3149.187,82.2788,83.0206,
3151.115,82.2566,83.1204,
3153.043,82.2498,83.2236,
3154.972,82.258,83.3286,
3156.900,82.2801,83.434,
3158.829,82.3158,83.5385,
3160.757,82.3652,83.6408,
3162.686,82.4284,83.7398,
3164.614,82.5044,83.8348,
3166.543,82.5912,83.9251,
3168.471,82.686,84.0102,
3170.400,82.7857,84.0892,
3172.328,82.888,84.1609,
3174.257,82.9913,84.2246,
3176.185,83.0948,84.2797,
3178.114,83.1975,84.326,
3180.042,83.2983,84.3629,
3181.970,83.3963,84.3885,
3183.899,83.4907,84.4004,
3185.827,83.581,84.397,
3187.756,83.6667,84.3785,
3189.684,83.747,84.3478,
3191.613,83.8207,84.3096,
3193.541,83.8865,84.2687,
3195.470,83.9436,84.2283,
3197.398,83.9914,84.1887,
3199.327,84.029,84.1479,
3201.255,84.055,84.1026,
3203.184,84.0674,84.0496,
3205.112,84.0647,83.9869,
3207.041,84.0473,83.9141,
3208.969,84.0181,83.8318,
3210.897,83.9816,83.7402,
3212.826,83.9423,83.6382,
3214.754,83.9029,83.5238,
3216.683,83.8635,83.3952,
3218.611,83.822,83.2537,
3220.540,83.7754,83.1041,
3222.468,83.7213,82.9539,
3224.397,83.6586,82.8102,
3226.325,83.5874,82.6756,
3228.254,83.5081,82.5477,
3230.182,83.42,82.4197,
3232.111,83.3213,82.2851,
3234.039,83.2087,82.1413,
3235.968,83.0805,81.9907,
3237.896,82.9378,81.8393,
3239.824,82.7862,81.6931,
3241.753,82.6339,81.5552,
3243.681,82.4884,81.4249,
3245.610,82.3531,81.2994,
3247.538,82.2252,81.1754,
3249.467,82.0979,81.0503,
3251.395,81.9644,80.9215,
3253.324,81.8215,80.7849,
3255.252,81.6712,80.6342,
3257.181,81.5194,80.4609,
3259.109,81.372,80.2555,
3261.038,81.2326,80.0084,
3262.966,81.1011,79.7105,
3264.895,80.9748,79.3517,
3266.823,80.8503,78.9192,
3268.751,80.7243,78.3976,
3270.680,80.5934,77.7697,
3272.608,80.4536,77.0202,
3274.537,80.2988,76.1371,
3276.465,80.1216,75.1126,
3278.394,79.9131,73.9401,
3280.322,79.6643,72.6106,
3282.251,79.3657,71.1106,
3284.179,79.0064,69.4247,
3286.108,78.5732,67.5452,
3288.036,78.0509,65.4862,
3289.965,77.4232,63.2974,
3291.893,76.676,61.0705,
3293.822,75.7981,58.934,
3295.750,74.7816,57.0362,
3297.678,73.6195,55.5226,
3299.607,72.3022,54.5121,
3301.535,70.8161,54.0774,
3303.464,69.1469,54.2343,
3305.392,67.2883,54.9434,
3307.321,65.2553,56.1235,
3309.249,63.0971,57.6713,
3311.178,60.9028,59.479,
3313.106,58.7968,61.443,
3315.035,56.9236,63.4682,
3316.963,55.426,65.4713,
3318.892,54.4213,67.387,
3320.820,53.9826,69.173,
3322.749,54.1271,70.8097,
3324.677,54.8168,72.2924,
3326.605,55.9723,73.6239,
3328.534,57.4923,74.8097,
3330.462,59.2706,75.8586,
3332.391,61.2056,76.7852,
3334.319,63.2035,77.6094,
3336.248,65.1816,78.3515,
3338.176,67.075,79.0267,
3340.105,68.8411,79.641,
3342.033,70.4599,80.1935,
3343.962,71.9267,80.6813,
3345.890,73.2436,81.1052,
3347.819,74.4152,81.4715,
3349.747,75.4488,81.7896,
3351.676,76.3578,82.0696,
3353.604,77.1613,82.3189,
3355.532,77.8804,82.5413,
3357.461,78.5317,82.738,
3359.389,79.1236,82.9088,
3361.318,79.6569,83.0551,
3363.246,80.1291,83.1812,
3365.175,80.5397,83.295,
3367.103,80.8927,83.4064,
3369.032,81.1957,83.5247,
3370.960,81.4575,83.656,
3372.889,81.6858,83.8013,
3374.817,81.8856,83.9578,
3376.746,82.0596,84.1203,
3378.674,82.2088,84.2837,
3380.603,82.3345,84.4437,
3382.531,82.4405,84.5972,
3384.459,82.5333,84.7419,
3386.388,82.6217,84.8751,
3388.316,82.7142,84.994,
3390.245,82.8165,85.0956,
3392.173,82.9305,85.1771,
3394.102,83.0542,85.2371,
3396.030,83.184,85.276,
3397.959,83.3154,85.296,
3399.887,83.4443,85.3007,
3401.816,83.5672,85.294,
3403.744,83.6805,85.2805,
3405.673,83.7811,85.2655,
3407.601,83.8658,85.2547,
3409.530,83.9317,85.2536,
3411.458,83.9768,85.2654,
3413.386,84.0004,85.2904,
3415.315,84.0041,85.3248,
3417.243,83.9918,85.3624,
3419.172,83.9686,85.3968,
3421.100,83.9405,85.4239,
3423.029,83.9123,85.4437,
3424.957,83.8881,85.4593,
3426.886,83.8709,85.475,
3428.814,83.8628,85.4933,
3430.743,83.8647,85.5148,
3432.671,83.8755,85.5389,
3434.600,83.893,85.5648,
3436.528,83.9138,85.5921,
3438.457,83.9355,85.6207,
3440.385,83.9574,85.6497,
3442.313,83.9805,85.6779,
3444.242,84.0063,85.7037,
3446.170,84.035,85.7267,
3448.099,84.0653,85.7476,
3450.027,84.0953,85.7681,
3451.956,84.1234,85.7891,
3453.884,84.149,85.81,
3455.813,84.1727,85.8283,
3457.741,84.1964,85.8399,
3459.670,84.2221,85.8399,
3461.598,84.2513,85.8256,
3463.527,84.2838,85.8001,
3465.455,84.3182,85.772,
3467.384,84.3517,85.7493,
3469.312,84.3816,85.7346,
3471.240,84.4052,85.7255,
3473.169,84.4204,85.7181,
3475.097,84.4251,85.7104,
3477.026,84.4182,85.7028,
3478.954,84.4012,85.6972,
3480.883,84.3793,85.6955,
3482.811,84.3585,85.6987,
3484.740,84.3422,85.7069,
3486.668,84.3294,85.7185,
3488.597,84.3172,85.7305,
3490.525,84.3029,85.7374,
3492.454,84.2855,85.7332,
3494.382,84.2651,85.7127,
3496.311,84.2426,85.6746,
3498.239,84.2198,85.6224,
3500.168,84.1986,85.5639,
3502.096,84.1807,85.5093,
3504.024,84.1665,85.4691,
3505.953,84.1546,85.4513,
3507.881,84.1423,85.4598,
3509.810,84.126,85.4932,
3511.738,84.1026,85.5459,
3513.667,84.0698,85.61,
3515.595,84.027,85.6783,
3517.524,83.9754,85.7462,
3519.452,83.918,85.8124,
3521.381,83.8597,85.8776,
3523.309,83.8078,85.9417,
3525.238,83.772,86.0021,
3527.166,83.7623,86.0565,
3529.095,83.7852,86.1058,
3531.023,83.8399,86.1502,
3532.951,83.9182,86.1866,
3534.880,84.0088,86.2096,
3536.808,84.1029,86.2163,
3538.737,84.1959,86.2085,
3540.665,84.2871,86.1914,
3542.594,84.3774,86.1692,
3544.522,84.467,86.1433,
3546.451,84.5536,86.1171,
3548.379,84.6334,86.0974,
3550.308,84.7031,86.0888,
3552.236,84.7619,86.0884,
3554.165,84.8093,86.089,
3556.093,84.8444,86.0855,
3558.022,84.8662,86.0763,
3559.950,84.8765,86.0635,
3561.878,84.8833,86.0506,
3563.807,84.8986,86.0402,
3565.735,84.93,86.0282,
3567.664,84.9738,86.0012,
3569.592,85.0204,85.9467,
3571.521,85.0626,85.8723,
3573.449,85.0989,85.799,
3575.378,85.1306,85.7355,
3577.306,85.1591,85.6727,
3579.235,85.1842,85.5973,
3581.163,85.2036,85.5048,
3583.092,85.2129,85.4031,
3585.020,85.207,85.311,
3586.949,85.184,85.2489,
3588.877,85.1482,85.2259,
3590.805,85.1082,85.2345,
3592.734,85.069,85.258,
3594.662,85.0289,85.2822,
3596.591,84.9821,85.3001,
3598.519,84.9225,85.3102,
3600.448,84.8491,85.3125,
3602.376,84.7701,85.3061,
3604.305,84.7039,85.2903,
3606.233,84.6687,85.2675,
3608.162,84.6688,85.2453,
3610.090,84.6947,85.2316,
3612.019,84.733,85.2285,
3613.947,84.7728,85.2307,
3615.876,84.8072,85.2307,
3617.804,84.8314,85.2247,
3619.732,84.8426,85.2137,
3621.661,84.8401,85.2025,
3623.589,84.827,85.1966,
3625.518,84.8094,85.1987,
3627.446,84.7932,85.2072,
3629.375,84.7802,85.2164,
3631.303,84.7681,85.2196,
3633.232,84.7533,85.2126,
3635.160,84.735,85.192,
3637.089,84.7159,85.1518,
3639.017,84.7,85.083,
3640.946,84.6893,84.9769,
3642.874,84.6824,84.8303,
3644.803,84.6758,84.6532,
3646.731,84.6689,84.4686,
3648.659,84.6657,84.2976,
3650.588,84.6719,84.1459,
3652.516,84.6869,84.0079,
3654.445,84.7002,83.8781,
3656.373,84.6946,83.757,
3658.302,84.651,83.6497,
3660.230,84.5555,83.5619,
3662.159,84.4071,83.4975,
3664.087,84.2239,83.4568,
3666.016,84.035,83.4371,
3667.944,83.8609,83.4341,
3669.873,83.7065,83.4426,
3671.801,83.5678,83.4585,
3673.730,83.4419,83.4801,
3675.658,83.3301,83.508,
3677.586,83.2358,83.5443,
3679.515,83.1632,83.5914,
3681.443,83.1141,83.6504,
3683.372,83.0875,83.7205,
3685.300,83.0789,83.7992,
3687.229,83.0818,83.8841,
3689.157,83.0903,83.9738,
3691.086,83.1014,84.0685,
3693.014,83.1159,84.1672,
3694.943,83.1381,84.2646,
3696.871,83.173,84.3517,
3698.800,83.2237,84.4216,
3700.728,83.289,84.4757,
3702.657,83.365,84.5197,
3704.585,83.4467,84.5569,
3706.513,83.5303,84.5876,
3708.442,83.6137,84.6158,
3710.370,83.6959,84.6516,
3712.299,83.7777,84.7077,
3714.227,83.8595,84.7892,
3716.156,83.9411,84.8894,
3718.084,84.0202,84.9946,
3720.013,84.0931,85.0916,
3721.941,84.156,85.1697,
3723.870,84.2059,85.2229,
3725.798,84.2415,85.2506,
3727.727,84.2656,85.2561,
3729.655,84.2863,85.2411,
3731.584,84.317,85.2,
3733.512,84.3708,85.1251,
3735.440,84.4525,85.0222,
3737.369,84.5534,84.9086,
3739.297,84.6565,84.7932,
3741.226,84.7454,84.6692,
3743.154,84.8091,84.5268,
3745.083,84.8421,84.3674,
3747.011,84.8421,84.2091,
3748.940,84.8086,84.0824,
3750.868,84.7436,84.0161,
3752.797,84.655,84.0162,
3754.725,84.5575,84.058,
3756.654,84.4633,84.1048,
3758.582,84.3718,84.1298,
3760.511,84.2721,84.1239,
3762.439,84.1521,84.0917,
3764.367,84.0087,84.0454,
3766.296,83.8563,83.9992,
3768.224,83.7273,83.9621,
3770.153,83.6531,83.9342,
3772.081,83.6375,83.9119,
3774.010,83.6558,83.8945,
3775.938,83.6773,83.8876,
3777.867,83.6821,83.9001,
3779.795,83.6643,83.9384,
3781.724,83.629,84.0007,
3783.652,83.587,84.0769,
3785.581,83.5484,84.1513,
3787.509,83.5171,84.2085,
3789.438,83.4916,84.2375,
3791.366,83.4695,84.2338,
3793.294,83.4526,84.1989,
3795.223,83.4478,84.1368,
3797.151,83.4644,84.0527,
3799.080,83.5086,83.9549,
3801.008,83.5785,83.8529,
3802.937,83.6624,83.748,
3804.865,83.7426,83.6288,
3806.794,83.8013,83.4776,
3808.722,83.826,83.281,
3810.651,83.8115,83.0362,
3812.579,83.7607,82.7522,
3814.508,83.6841,82.4463,
3816.436,83.5977,82.1357,
3818.365,83.516,81.8296,
3820.293,83.4423,81.5265,
3822.221,83.3654,81.2214,
3824.150,83.2651,80.9136,
3826.078,83.1219,80.6092,
3828.007,82.924,80.3176,
3829.935,82.6713,80.0439,
3831.864,82.3766,79.786,
3833.792,82.0613,79.537,
3835.721,81.7451,79.2928,
3837.649,81.4366,79.0579,
3839.578,81.1336,78.8479,
3841.506,80.8312,78.6858,
3843.435,80.5299,78.5932,
3845.363,80.2365,78.5823,
3847.292,79.9584,78.6524,
3849.220,79.6971,78.7927,
3851.148,79.4464,78.9868,
3853.077,79.1977,79.216,
3855.005,78.9476,79.4612,
3856.934,78.7044,79.7043,
3858.862,78.4885,79.93,
3860.791,78.3262,80.1288,
3862.719,78.2399,80.2982,
3864.648,78.2391,80.443,
3866.576,78.3194,80.5721,
3868.505,78.4668,80.6961,
3870.433,78.6636,80.8236,
3872.362,78.8921,80.9587,
3874.290,79.1349,81.1003,
3876.219,79.3753,81.2428,
3878.147,79.5989,81.3773,
3880.075,79.7958,81.4934,
3882.004,79.9633,81.5815,
3883.932,80.1058,81.6342,
3885.861,80.233,81.6475,
3887.789,80.356,81.6218,
3889.718,80.4838,81.5607,
3891.646,80.6202,81.4705,
3893.575,80.7632,81.3582,
3895.503,80.906,81.231,
3897.432,81.0389,81.1594,
3899.360,81.1521,81.0246,
3901.289,81.2369,80.8974,
3903.217,81.2871,80.7856,
3905.146,81.2999,80.6975,
3907.074,81.2759,80.6406,
3909.002,81.218,80.6201,
3910.931,81.1312,80.6377,
3912.859,81.0215,80.69,
3914.788,80.8953,80.768,
3916.716,80.7935,80.8584,
3918.645,80.6583,80.9449,
3920.573,80.5314,81.0119,
3922.502,80.4214,81.0474,
3924.430,80.336,81.0456,
3926.359,80.2813,81.0085,
3928.287,80.2613,80.9452,
3930.216,80.2766,80.8696,
3932.144,80.3244,80.7977,
3934.073,80.3973,80.7438,
3936.001,80.4835,80.7181,
3937.929,80.5678,80.7254,
3939.858,80.6348,80.7646,
3941.786,80.6721,80.8307,
3943.715,80.6733,80.9164,
3945.643,80.6399,81.0143,
3947.572,80.5804,81.1177,
3949.500,80.5083,81.2198,
3951.429,80.4385,81.3129,
3953.357,80.3845,81.3878,
3955.286,80.3562,81.4344,
3957.214,80.3589,81.444,
3959.143,80.3933,81.4123,
3961.071,80.4559,81.3403,
3963.000,80.5409,81.2349,
3964.928,80.6409,81.1067,
3966.857,80.7482,80.9675,
3968.785,80.8544,80.8283,
3970.713,80.9503,80.6979,
3972.642,81.0259,80.5829,
3974.570,81.0719,80.4882,
3976.499,81.0811,80.4174,
3978.427,81.0501,80.3717,
3980.356,80.9807,80.3492,
3982.284,80.8794,80.344,
3984.213,80.7555,80.3466,
3986.141,80.6198,80.346,
3988.070,80.4824,80.332,
3989.998,80.3523,80.2984,
3991.927,80.2367,80.2439,
3993.855,80.1413,80.1722,
3995.784,80.0701,80.0896,
3997.712,80.0243,80.0029,
3999.640,80.0017,79.9174,
4001.569,79.9964,79.8364,
4003.497,79.9988,79.7605,
4005.426,79.998,79.6882,
4007.354,79.9844,79.6168,
4009.283,79.9517,79.5425,
4011.211,79.8984,79.4625,
4013.140,79.8273,79.3758,
4015.068,79.7444,79.2847,
4016.997,79.6566,79.195,
4018.925,79.5699,79.1139,
4020.854,79.4884,79.0471,
4022.782,79.4134,78.9966,
4024.711,79.3432,78.9585,
4026.639,79.2741,78.925,
4028.567,79.2015,78.8866,
4030.496,79.122,78.836,
4032.424,79.0352,78.7702,
4034.353,78.9444,78.6915,
4036.281,78.8561,78.6059,
4038.210,78.778,78.5214,
4040.138,78.7157,78.4457,
4042.067,78.6702,78.3849,
4043.995,78.6366,78.3424,
4045.924,78.6064,78.319,
4047.852,78.5694,78.3126,
4049.781,78.5183,78.3193,
4051.709,78.4506,78.3343,
4053.638,78.3694,78.3529,
4055.566,78.2818,78.3717,
4057.494,78.1966,78.3888,
4059.423,78.1216,78.4043,
4061.351,78.0623,78.4193,
4063.280,78.021,78.4356,
4065.208,77.9977,78.4543,
4067.137,77.9902,78.4762,
4069.065,77.9953,78.5012,
4070.994,78.009,78.5296,
4072.922,78.0273,78.5627,
4074.851,78.0467,78.6029,
4076.779,78.0651,78.6535,
4078.708,78.0817,78.7176,
4080.636,78.0972,78.7957,
4082.565,78.1129,78.8852,
4084.493,78.1302,78.9791,
4086.421,78.1501,79.0672,
4088.350,78.1734,79.1384,
4090.278,78.2008,79.1829,
4092.207,78.234,79.1939,
4094.135,78.2753,79.1689,
4096.064,78.3274,79.1092,
4097.992,78.392,79.0196,
4099.921,78.4689,78.9072,
4101.849,78.5549,78.7816,
4103.778,78.6438,78.6542,
4105.706,78.727,78.5382,
4107.635,78.795,78.4468,
4109.563,78.8385,78.3918,
4111.492,78.8509,78.3821,
4113.420,78.8284,78.4221,
4115.348,78.7713,78.5113,
4117.277,78.6838,78.6443,
4119.205,78.5733,78.8113,
4121.134,78.4499,78.999,
4123.062,78.3252,79.1919,
4124.991,78.212,79.3746,
4126.919,78.1225,79.5331,
4128.848,78.0681,79.6571,
4130.776,78.0575,79.74,
4132.705,78.0958,79.7785,
4134.633,78.1831,79.7719,
4136.562,78.3142,79.7202,
4138.490,78.4788,79.6239,
4140.419,78.6631,79.4838,
4142.347,78.8516,79.3019,
4144.275,79.029,79.0819,
4146.204,79.1827,78.8288,
4148.132,79.3027,78.5488,
4150.061,79.3829,78.2486,
4151.989,79.4195,77.9346,
4153.918,79.4109,77.6138,
4155.846,79.3571,77.2937,
4157.775,79.259,76.9829,
4159.703,79.1185,76.6897,
4161.632,78.9387,76.4205,
4163.560,78.7232,76.1791,
4165.489,78.4762,75.9667,
4167.417,78.2024,75.7839,
4169.346,77.9068,75.6336,
4171.274,77.5955,75.523,
4173.202,77.2759,75.4638,
4175.131,76.9567,75.4687,
4177.059,76.6474,75.5474,
4178.988,76.3567,75.7023,
4180.916,76.0909,75.9262,
4182.845,75.8534,76.2034,
4184.773,75.645,76.5123,
4186.702,75.4664,76.8295,
4188.630,75.3205,77.134,
4190.559,75.2143,77.4097,
4192.487,75.1588,77.6466,
4194.416,75.1659,77.841,
4196.344,75.2449,77.9944,
4198.273,75.3981,78.113,
4200.201,75.6187,78.2061,
4202.129,75.8916,78.285,
4204.058,76.1957,78.3608,
4205.986,76.508,78.4433,
4207.915,76.8075,78.5379,
4209.843,77.0783,78.6451,
4211.772,77.3104,78.7595,
4213.700,77.5004,78.8709,
4215.629,77.6503,78.966,
4217.557,77.7667,79.0302,
4219.486,77.8592,79.0496,
4221.414,77.9385,79.0122,
4223.343,78.0154,78.9087,
4225.271,78.0983,78.7341,
4227.200,78.1919,78.4886,
4229.128,78.2967,78.1792,
4231.056,78.4078,77.8205,
4232.985,78.5162,77.4329,
4234.913,78.6093,77.0401,
4236.842,78.6729,76.6638,
4238.770,78.693,76.3195,
4240.699,78.6569,76.0125,
4242.627,78.5551,75.738,
4244.556,78.3824,75.4832,
4246.484,78.1391,75.2327,
4248.413,77.8323,74.9739,
4250.341,77.4764,74.7018,
4252.270,77.0919,74.421,
4254.198,76.7022,74.1457,
4256.127,76.3293,73.8968,
4258.055,75.9883,73.6981,
4259.983,75.6843,73.5712,
4261.912,75.412,73.5327,
4263.840,75.1585,73.5913,
4265.769,74.9087,73.7478,
4267.697,74.6511,73.9958,
4269.626,74.382,74.3235,
4271.554,74.1068,74.7157,
4273.483,73.8394,75.1565,
4275.411,73.5989,75.6306,
4277.340,73.4068,76.1255,
4279.268,73.2832,76.6317,
4281.197,73.2441,77.1429,
4283.125,73.2992,77.655,
4285.054,73.4506,78.1651,
4286.982,73.693,78.6702,
4288.910,74.0153,79.1671,
4290.839,74.4021,79.6519,
4292.767,74.837,80.1208,
4294.696,75.3051,80.5704,
4296.624,75.7938,80.9987,
4298.553,76.2945,81.4054,
4300.481,76.801,81.7916,
4302.410,77.3093,82.159,
4304.338,77.8158,82.5094,
4306.267,78.3173,82.8435,
4308.195,78.81,83.1612,
4310.124,79.2899,83.4614,
4312.052,79.7536,83.7438,
4313.981,80.1983,84.0087,
4315.909,80.6226,84.2571,
4317.837,81.026,84.4904,
4319.766,81.4093,84.7097,
4321.694,81.7734,84.9152,
4323.623,82.1196,85.107,
4325.551,82.449,85.2852,
4327.480,82.7625,85.4501,
4329.408,83.0603,85.6028,
4331.337,83.3426,85.7443,
4333.265,83.6087,85.8756,
4335.194,83.8583,85.9974,
4337.122,84.0912,86.1101,
4339.051,84.3079,86.2142,
4340.979,84.5099,86.3102,
4342.908,84.6988,86.3987,
4344.836,84.876,86.4802,
4346.764,85.042,86.5554,
4348.693,85.1964,86.6254,
4350.621,85.3385,86.6914,
4352.550,85.4681,86.755,
4354.478,85.5863,86.8175,
4356.407,85.6947,86.8792,
4358.335,85.7952,86.9399,
4360.264,85.8892,86.9986,
4362.192,85.977,87.054,
4364.121,86.0587,87.1055,
4366.049,86.1347,87.1535,
4367.978,86.2061,87.1986,
4369.906,86.2745,87.242,
4371.835,86.3413,87.2838,
4373.763,86.4068,87.3238,
4375.691,86.4703,87.3612,
4377.620,86.5305,87.3953,
4379.548,86.5865,87.426,
4381.477,86.6381,87.454,
4383.405,86.6862,87.4801,
4385.334,86.7322,87.5053,
4387.262,86.7772,87.5297,
4389.191,86.8214,87.5525,
4391.119,86.8643,87.5723,
4393.048,86.9048,87.5877,
4394.976,86.9423,87.5981,
4396.905,86.9766,87.6041,
4398.833,87.0082,87.6072,
4400.762,87.0378,87.609,
4402.690,87.0656,87.6109,
4404.618,87.0914,87.6128,
4406.547,87.1146,87.6136,
4408.475,87.1347,87.6116,
4410.404,87.1514,87.6056,
4412.332,87.1651,87.595,
4414.261,87.1762,87.5804,
4416.189,87.1847,87.5628,
4418.118,87.1907,87.5432,
4420.046,87.1937,87.522,
4421.975,87.1938,87.4999,
4423.903,87.1914,87.4773,
4425.832,87.1869,87.4552,
4427.760,87.1809,87.4346,
4429.689,87.1734,87.4169,
4431.617,87.1639,87.4031,
4433.546,87.1518,87.3944,
4435.474,87.1366,87.3918,
4437.402,87.1183,87.3963,
4439.331,87.0974,87.4078,
4441.259,87.0744,87.4253,
4443.188,87.0505,87.4458,
4445.116,87.0268,87.4658,
4447.045,87.0047,87.4819,
4448.973,86.9857,87.4921,
4450.902,86.9714,87.4956,
4452.830,86.9631,87.4928,
4454.759,86.9619,87.4845,
4456.687,86.9679,87.4709,
4458.616,86.9802,87.4521,
4460.544,86.997,87.4279,
4462.473,87.0155,87.3982,
4464.401,87.0328,87.3635,
4466.329,87.0464,87.3246,
4468.258,87.055,87.2826,
4470.186,87.0585,87.2385,
4472.115,87.0571,87.1934,
4474.043,87.0509,87.1484,
4475.972,87.0397,87.1038,
4477.900,87.0228,87.0592,
4479.829,86.9995,87.0134,
4481.757,86.9699,86.9646,
4483.686,86.9346,86.9117,
4485.614,86.8951,86.8544,
4487.543,86.853,86.7931,
4489.471,86.8096,86.7292,
4491.400,86.7654,86.6644,
4493.328,86.7205,86.6007,
4495.256,86.6745,86.5403,
4497.185,86.6272,86.4859,
4499.113,86.5784,86.4404,
4501.042,86.5281,86.4063,
4502.970,86.4756,86.3852,
4504.899,86.4203,86.3773,
4506.827,86.3612,86.3814,
4508.756,86.2985,86.3958,
4510.684,86.2331,86.4179,
4512.613,86.1678,86.4454,
4514.541,86.106,86.4757,
4516.470,86.0515,86.5064,
4518.398,86.0073,86.5349,
4520.327,85.9751,86.5588,
4522.255,85.9552,86.5764,
4524.183,85.9469,86.586,
4526.112,85.9491,86.5862,
4528.040,85.9606,86.5751,
4529.969,85.9802,86.5503,
4531.897,86.0064,86.5097,
4533.826,86.0372,86.4513,
4535.754,86.0696,86.3743,
4537.683,86.1006,86.2789,
4539.611,86.1269,86.1654,
4541.540,86.1455,86.0338,
4543.468,86.1546,85.8827,
4545.397,86.1527,85.7107,
4547.325,86.1388,85.5165,
4549.254,86.1118,85.3008,
4551.182,86.0703,85.067,
4553.110,86.013,84.8206,
4555.039,85.9386,84.5687,
4556.967,85.8461,84.3193,
4558.896,85.7347,84.0806,
4560.824,85.6034,83.8611,
4562.753,85.4513,83.6695,
4564.681,85.2778,83.5152,
4566.610,85.0829,83.4075,
4568.538,84.8681,83.3545,
4570.467,84.6365,83.3619,
4572.395,84.3932,83.4313,
4574.324,84.1447,83.56,
4576.252,83.8983,83.7412,
4578.181,83.6619,83.9652,
4580.109,83.4436,84.2211,
4582.037,83.2521,84.498,
4583.966,83.0966,84.7851,
4585.894,82.9868,85.072,
4587.823,82.9316,85.3484,
4589.751,82.9372,85.605,
4591.680,83.006,85.8344,
4593.608,83.1351,86.0324,
4595.537,83.317,86.1987,
4597.465,83.541,86.336,
4599.394,83.7955,86.449,
4601.322,84.0692,86.5424,
4603.251,84.3519,86.6206,
4605.179,84.6338,86.6868,
4607.108,84.9054,86.7436,
4609.036,85.1579,86.7931,
4610.964,85.3841,86.8373,
4612.893,85.5802,86.878,
4614.821,85.7456,86.9164,
4616.750,85.8833,86.9536,
4618.678,85.9976,86.9899,
4620.607,86.0927,87.0257,
4622.535,86.1721,87.061,
4624.464,86.2384,87.0959,
4626.392,86.2937,87.1307,
4628.321,86.3408,87.1656,
4630.249,86.3823,87.2008,
4632.178,86.4208,87.2363,
4634.106,86.4581,87.2714,
4636.035,86.495,87.3054,
4637.963,86.5313,87.3376,
4639.891,86.5665,87.3681,
4641.820,86.6004,87.3979,
4643.748,86.6336,87.4284,
4645.677,86.6666,87.4609,
4647.605,86.7005,87.4957,
4649.534,86.7354,87.5319,
4651.462,86.7712,87.5681,
4653.391,86.8069,87.603,
4655.319,86.8412,87.6359,
4657.248,86.8736,87.6672,
4659.176,86.9039,87.6974,
4661.105,86.9332,87.7272,
4663.033,86.9629,87.7567,
4664.962,86.994,87.7853,
4666.890,87.0269,87.8121,
4668.818,87.061,87.8358,
4670.747,87.0953,87.8557,
4672.675,87.1289,87.8714,
4674.604,87.1617,87.8833,
4676.532,87.1941,87.8924,
4678.461,87.2265,87.8998,
4680.389,87.259,87.906,
4682.318,87.2909,87.9114,
4684.246,87.3208,87.9155,
4686.175,87.3472,87.9179,
4688.103,87.3694,87.9181,
4690.032,87.3872,87.9163,
4691.960,87.4011,87.9129,
4693.889,87.4117,87.9086,
4695.817,87.4193,87.9036,
4697.745,87.4242,87.8981,
4699.674,87.4269,87.8924,
4701.602,87.428,87.8872,
4703.531,87.4284,87.883,
4705.459,87.4288,87.8803,
4707.388,87.4296,87.8789,
4709.316,87.4305,87.8781,
4711.245,87.4307,87.8775,
4713.173,87.4295,87.8768,
4715.102,87.4266,87.8764,
4717.030,87.4225,87.8768,
4718.959,87.4181,87.8782,
4720.887,87.4143,87.8802,
4722.816,87.4114,87.8822,
4724.744,87.4094,87.8837,
4726.672,87.4076,87.885,
4728.601,87.4056,87.8866,
4730.529,87.4029,87.8888,
4732.458,87.3999,87.8918,
4734.386,87.3969,87.8951,
4736.315,87.3947,87.8984,
4738.243,87.3935,87.9015,
4740.172,87.3935,87.9047,
4742.100,87.3946,87.9078,
4744.029,87.3962,87.9106,
4745.957,87.3984,87.9122,
4747.886,87.4013,87.9121,
4749.814,87.4051,87.9099,
4751.743,87.4101,87.9061,
4753.671,87.416,87.9016,
4755.599,87.4219,87.8976,
4757.528,87.4268,87.8947,
4759.456,87.4297,87.8932,
4761.385,87.4306,87.893,
4763.313,87.4301,87.8937,
4765.242,87.429,87.8945,
4767.170,87.4277,87.8951,
4769.099,87.4261,87.8952,
4771.027,87.4238,87.8952,
4772.956,87.4204,87.8957,
4774.884,87.4159,87.8977,
4776.813,87.4109,87.9017,
4778.741,87.4062,87.9076,
4780.670,87.4028,87.9146,
4782.598,87.4009,87.9216,
4784.526,87.4007,87.9275,
4786.455,87.4019,87.9319,
4788.383,87.4042,87.9354,
4790.312,87.4069,87.939,
4792.240,87.4099,87.9436,
4794.169,87.4129,87.9492,
4796.097,87.4162,87.9548,
4798.026,87.4202,87.959,
4799.954,87.4251,87.9605,
4801.883,87.4306,87.9592,
4803.811,87.4361,87.9559,
4805.740,87.4409,87.9524,
4807.668,87.4449,87.9499,
4809.597,87.4485,87.9487,
4811.525,87.4526,87.948,
4813.453,87.4575,87.9466,
4815.382,87.4629,87.9436,
4817.310,87.4676,87.9388,
4819.239,87.47,87.9328,
4821.167,87.4695,87.9263,
4823.096,87.4663,87.9199,
4825.024,87.4617,87.9139,
4826.953,87.4574,87.9084,
4828.881,87.4545,87.9033,
4830.810,87.4531,87.899,
4832.738,87.4525,87.8955,
4834.667,87.4516,87.8926,
4836.595,87.4492,87.8899,
4838.524,87.445,87.8867,
4840.452,87.4393,87.8826,
4842.380,87.4329,87.8776,
4844.309,87.4267,87.8721,
4846.237,87.4214,87.8666,
4848.166,87.4173,87.8617,
4850.094,87.4141,87.8576,
4852.023,87.411,87.8542,
4853.951,87.4072,87.8512,
4855.880,87.4022,87.8484,
4857.808,87.3958,87.846,
4859.737,87.3883,87.8444,
4861.665,87.3805,87.8441,
4863.594,87.3731,87.8453,
4865.522,87.3665,87.8476,
4867.451,87.3609,87.8501,
4869.379,87.3561,87.8518,
4871.307,87.352,87.852,
4873.236,87.3484,87.8508,
4875.164,87.3456,87.8485,
4877.093,87.3439,87.8459,
4879.021,87.3434,87.843,
4880.950,87.3437,87.8399,
4882.878,87.3444,87.8362,
4884.807,87.3447,87.8318,
4886.735,87.3442,87.8267,
4888.664,87.3429,87.821,
4890.592,87.3411,87.8146,
4892.521,87.3394,87.8068,
4894.449,87.3379,87.7974,
4896.378,87.3362,87.7859,
4898.306,87.3339,87.7727,
4900.235,87.3306,87.7585,
4902.163,87.3262,87.7439,
4904.091,87.3208,87.7293,
4906.020,87.3146,87.7147,
4907.948,87.308,87.7003,
4909.877,87.3009,87.6861,
4911.805,87.2932,87.6722,
4913.734,87.2846,87.6588,
4915.662,87.2747,87.6455,
4917.591,87.2632,87.6324,
4919.519,87.2498,87.6196,
4921.448,87.235,87.6078,
4923.376,87.2193,87.598,
4925.305,87.2037,87.591,
4927.233,87.1889,87.5868,
4929.162,87.1752,87.5844,
4931.090,87.1622,87.5822,
4933.018,87.1495,87.5789,
4934.947,87.1365,87.5741,
4936.875,87.1233,87.5683,
4938.804,87.11,87.5621,
4940.732,87.0974,87.5554,
4942.661,87.0861,87.5471,
4944.589,87.0764,87.5352,
4946.518,87.0684,87.5177,
4948.446,87.0623,87.4939,
4950.375,87.0578,87.4646,
4952.303,87.0547,87.4315,
4954.232,87.0524,87.3962,
4956.160,87.0502,87.3594,
4958.089,87.0469,87.321,
4960.017,87.041,87.2803,
4961.945,87.0311,87.2371,
4963.874,87.0165,87.1922,
4965.802,86.997,87.1475,
4967.731,86.9731,87.1053,
4969.659,86.9456,87.0685,
4971.588,86.915,87.0391,
4973.516,86.881,87.0185,
4975.445,86.8434,87.0071,
4977.373,86.8022,87.0044,
4979.302,86.7582,87.0097,
4981.230,86.7131,87.022,
4983.159,86.6686,87.0407,
4985.087,86.6267,87.065,
4987.016,86.5888,87.0937,
4988.944,86.556,87.1256,
4990.872,86.529,87.1591,
4992.801,86.509,87.193,
4994.729,86.4966,87.227,
4996.658,86.4918,87.2611,
4998.586,86.4942,87.2955,
5000.515,86.503,87.3302,
5002.443,86.5175,87.3645,
5004.372,86.5372,87.3972,
5006.300,86.5618,87.4273,
5008.229,86.5911,87.4544,
5010.157,86.6241,87.4785,
5012.086,86.6593,87.5003,
5014.014,86.6952,87.5205,
5015.943,86.7306,87.5396,
5017.871,86.7646,87.5575,
5019.799,86.7969,87.5739,
5021.728,86.8273,87.5883,
5023.656,86.8556,87.6007,
5025.585,86.8818,87.6111,
5027.513,86.9064,87.6199,
5029.442,86.9299,87.6273,
5031.370,86.9526,87.6332,
5033.299,86.9745,87.6372,
5035.227,86.995,87.6386,
5037.156,87.0131,87.6369,
5039.084,87.0281,87.6322,
5041.013,87.0401,87.625,
5042.941,87.05,87.6163,
5044.870,87.0589,87.6071,
5046.798,87.0674,87.5984,
5048.726,87.075,87.5908,
5050.655,87.0806,87.5845,
5052.583,87.0833,87.5792,
5054.512,87.0826,87.5747,
5056.440,87.0791,87.5709,
5058.369,87.0738,87.5682,
5060.297,87.0672,87.5667,
5062.226,87.0594,87.5669,
5064.154,87.0501,87.5689,
5066.083,87.039,87.5732,
5068.011,87.0268,87.5803,
5069.940,87.0148,87.5905,
5071.868,87.0046,87.6039,
5073.797,86.9972,87.6197,
5075.725,86.9925,87.6364,
5077.653,86.9897,87.6524,
5079.582,86.9881,87.6667,
5081.510,86.9875,87.679,
5083.439,86.9883,87.689,
5085.367,86.9911,87.6965,
5087.296,86.9963,87.7012,
5089.224,87.0032,87.7032,
5091.153,87.0112,87.7042,
5093.081,87.0194,87.7062,
5095.010,87.0277,87.7103,
5096.938,87.0364,87.7148,
5098.867,87.0456,87.7158,
5100.795,87.0552,87.7087,
5102.724,87.065,87.6915,
5104.652,87.0744,87.6665,
5106.580,87.0828,87.6392,
5108.509,87.0894,87.6155,
5110.437,87.0927,87.5981,
5112.366,87.0908,87.5871,
5114.294,87.082,87.5805,
5116.223,87.0662,87.5766,
5118.151,87.0459,87.574,
5120.080,87.0253,87.5719,
5122.008,87.0091,87.5691,
5123.937,86.999,87.5646,
5125.865,86.9931,87.5581,
5127.794,86.9873,87.5512,
5129.722,86.9774,87.5473,
5131.651,86.9622,87.5501,
5133.579,86.9433,87.5612,
5135.507,86.9244,87.5795,
5137.436,86.909,87.6007,
5139.364,86.899,87.6192,
5141.293,86.8949,87.6303,
5143.221,86.8956,87.6325,
5145.150,86.9001,87.6282,
5147.078,86.9072,87.6216,
5149.007,86.9152,87.6174,
5150.935,86.922,87.618,
5152.864,86.9254,87.6234,
5154.792,86.9243,87.6308,
5156.721,86.9195,87.6359,
5158.649,86.9136,87.6349,
5160.578,86.9101,87.6257,
5162.506,86.9115,87.6092,
5164.434,86.9184,87.5883,
5166.363,86.9291,87.5661,
5168.291,86.94,87.545,
5170.220,86.9481,87.5259,
5172.148,86.9512,87.5088,
5174.077,86.9495,87.4935,
5176.005,86.9451,87.4799,
5177.934,86.9413,87.4674,
5179.862,86.9405,87.4549,
5181.791,86.9431,87.4409,
5183.719,86.9465,87.4241,
5185.648,86.947,87.4051,
5187.576,86.9414,87.3859,
5189.505,86.9287,87.3698,
5191.433,86.9099,87.3596,
5193.361,86.8878,87.3563,
5195.290,86.8651,87.3588,
5197.218,86.8436,87.3648,
5199.147,86.8242,87.3717,
5201.075,86.8072,87.3775,
5203.004,86.7927,87.3813,
5204.932,86.7812,87.3832,
5206.861,86.7728,87.3839,
5208.789,86.7671,87.3848,
5210.718,86.7636,87.3872,
5212.646,86.7617,87.3923,
5214.575,86.761,87.3998,
5216.503,86.7615,87.4083,
5218.432,86.7632,87.4152,
5220.360,86.7658,87.4185,
5222.288,86.7691,87.4182,
5224.217,86.773,87.4171,
5226.145,86.778,87.4189,
5228.074,86.7841,87.4257,
5230.002,86.7908,87.4366,
5231.931,86.7963,87.4476,
5233.859,86.7984,87.4547,
5235.788,86.7951,87.4558,
5237.716,86.7863,87.4523,
5239.645,86.7737,87.4472,
5241.573,86.76,87.4425,
5243.502,86.7477,87.4376,
5245.430,86.7375,87.4306,
5247.359,86.7283,87.4204,
5249.287,86.7186,87.4083,
5251.215,86.7078,87.3975,
5253.144,86.6975,87.3908,
5255.072,86.6897,87.3886,
5257.001,86.6863,87.3895,
5258.929,86.6869,87.3917,
5260.858,86.69,87.3948,
5262.786,86.6943,87.3995,
5264.715,86.6997,87.407,
5266.643,86.7072,87.4166,
5268.572,86.7182,87.4254,
5270.500,86.7324,87.4298,
5272.429,86.7483,87.4274,
5274.357,86.7637,87.419,
5276.286,86.7764,87.4083,
5278.214,86.7853,87.3999,
5280.142,86.7899,87.3973,
5282.071,86.7902,87.4023,
5283.999,86.7863,87.4138,
5285.928,86.779,87.4294,
5287.856,86.7694,87.4448,
5289.785,86.7595,87.4561,
5291.713,86.7511,87.4612,
5293.642,86.7452,87.4609,
5295.570,86.7419,87.459,
5297.499,86.7407,87.4603,
5299.427,86.7412,87.4682,
5301.356,86.7436,87.4821,
5303.284,86.7483,87.4973,
5305.213,86.7556,87.506,
5307.141,86.7657,87.5017,
5309.069,86.7786,87.4834,
5310.998,86.7938,87.4565,
5312.926,86.8095,87.4302,
5314.855,86.8228,87.4124,
5316.783,86.8302,87.4067,
5318.712,86.8287,87.4117,
5320.640,86.818,87.4221,
5322.569,86.801,87.4311,
5324.497,86.7837,87.4337,
5326.426,86.7727,87.4287,
5328.354,86.7712,87.4189,
5330.283,86.7772,87.409,
5332.211,86.7852,87.4022,
5334.140,86.7892,87.3985,
5336.068,86.7859,87.395,
5337.996,86.7753,87.3876,
5339.925,86.7598,87.3731,
5341.853,86.7436,87.3515,
5343.782,86.73,87.3262,
5345.710,86.7205,87.3023,
5347.639,86.7141,87.2838,
5349.567,86.7086,87.2721,
5351.496,86.7016,87.2654,
5353.424,86.692,87.2599,
5355.353,86.68,87.2521,
5357.281,86.6669,87.2404,
5359.210,86.6552,87.2262,
5361.138,86.6464,87.2122,
5363.067,86.6407,87.2005,
5364.995,86.6367,87.1904,
5366.924,86.6317,87.1791,
5368.852,86.6233,87.163,
5370.780,86.6103,87.1411,
5372.709,86.5938,87.1153,
5374.637,86.5764,87.0901,
5376.566,86.5608,87.0692,
5378.494,86.5485,87.0534,
5380.423,86.5384,87.0403,
5382.351,86.528,87.0254,
5384.280,86.5151,87.0047,
5386.208,86.4995,86.9767,
5388.137,86.4834,86.9428,
5390.065,86.4697,86.906,
5391.994,86.4599,86.8687,
5393.922,86.4524,86.8318,
5395.851,86.4431,86.7949,
5397.779,86.4277,86.7578,
5399.707,86.4035,86.7211,
5401.636,86.372,86.6866,
5403.564,86.3371,86.6565,
5405.493,86.304,86.6323,
5407.421,86.2759,86.6143,
5409.350,86.2523,86.6022,
5411.278,86.2296,86.595,
5413.207,86.2041,86.5923,
5415.135,86.1737,86.5937,
5417.064,86.1395,86.5993,
5418.992,86.1049,86.609,
5420.921,86.0737,86.6222,
5422.849,86.0482,86.6381,
5424.778,86.0283,86.6555,
5426.706,86.0124,86.6728,
5428.634,85.9994,86.6889,
5430.563,85.9894,86.7028,
5432.491,85.9843,86.7142,
5434.420,85.9858,86.7232,
5436.348,85.9944,86.7298,
5438.277,86.0082,86.7338,
5440.205,86.0244,86.7348,
5442.134,86.0399,86.7326,
5444.062,86.0536,86.7273,
5445.991,86.0655,86.7194,
5447.919,86.0769,86.7099,
5449.848,86.0884,86.6994,
5451.776,86.0996,86.6881,
5453.705,86.1093,86.6752,
5455.633,86.1157,86.6594,
5457.561,86.1179,86.6393,
5459.490,86.1161,86.6141,
5461.418,86.1116,86.5844,
5463.347,86.1061,86.5517,
5465.275,86.1009,86.5183,
5467.204,86.0964,86.4863,
5469.132,86.092,86.4564,
5471.061,86.0864,86.4282,
5472.989,86.0778,86.4004,
5474.918,86.0648,86.3717,
5476.846,86.0466,86.3417,
5478.775,86.0232,86.3111,
5480.703,85.9953,86.2812,
5482.632,85.9644,86.2532,
5484.560,85.9325,86.227,
5486.488,85.9013,86.2022,
5488.417,85.8718,86.1777,
5490.345,85.8436,86.1531,
5492.274,85.8154,86.1286,
5494.202,85.7858,86.1045,
5496.131,85.7541,86.0811,
5498.059,85.7211,86.0583,
5499.988,85.6883,86.0356,
5501.916,85.6576,86.0125,
5503.845,85.6301,85.9887,
5505.773,85.6058,85.9644,
5507.702,85.5837,85.9397,
5509.630,85.5623,85.9143,
5511.559,85.5401,85.8879,
5513.487,85.5159,85.86,
5515.415,85.4893,85.83,
5517.344,85.4609,85.7978,
5519.272,85.4321,85.7634,
5521.201,85.4044,85.7271,
5523.129,85.3787,85.6891,
5525.058,85.3552,85.6504,
5526.986,85.3329,85.6118,
5528.915,85.3104,85.5742,
5530.843,85.2868,85.5382,
5532.772,85.2616,85.5036,
5534.700,85.2348,85.4702,
5536.629,85.2065,85.4375,
5538.557,85.1765,85.4064,
5540.486,85.1446,85.3783,
5542.414,85.1106,85.3552,
5544.342,85.0745,85.3387,
5546.271,85.0368,85.3288,
5548.199,84.9982,85.324,
5550.128,84.9595,85.3222,
5552.056,84.9216,85.3212,
5553.985,84.8853,85.32,
5555.913,84.8519,85.3181,
5557.842,84.8222,85.3156,
5559.770,84.7971,85.3113,
5561.699,84.7772,85.3035,
5563.627,84.7623,85.2892,
5565.556,84.7518,85.2661,
5567.484,84.7447,85.2329,
5569.413,84.7397,85.1898,
5571.341,84.7358,85.138,
5573.269,84.7325,85.0787,
5575.198,84.7293,85.0129,
5577.126,84.7257,84.9409,
5579.055,84.7201,84.8632,
5580.983,84.7107,84.781,
5582.912,84.6953,84.696,
5584.840,84.6722,84.6103,
5586.769,84.6406,84.5248,
5588.697,84.6001,84.4391,
5590.626,84.5509,84.3516,
5592.554,84.4929,84.2603,
5594.483,84.4266,84.1638,
5596.411,84.353,84.0616,
5598.340,84.274,83.9544,
5600.268,84.1922,83.8433,
5602.196,84.1095,83.7301,
5604.125,84.027,83.6162,
5606.053,83.9439,83.5035,
5607.982,83.8591,83.3936,
5609.910,83.7714,83.2881,
5611.839,83.6799,83.1883,
5613.767,83.5847,83.0952,
5615.696,83.4857,83.0106,
5617.624,83.3828,82.9361,
5619.553,83.2754,82.8737,
5621.481,83.1638,82.8248,
5623.410,83.0489,82.7903,
5625.338,82.9334,82.77,
5627.267,82.8205,82.7641,
5629.195,82.7133,82.7734,
5631.123,82.614,82.7994,
5633.052,82.5237,82.8442,
5634.980,82.4427,82.9088,
5636.909,82.3713,82.9926,
5638.837,82.3102,83.0929,
5640.766,82.2606,83.2059,
5642.694,82.2236,83.3276,
5644.623,82.2005,83.4547,
5646.551,82.1921,83.5847,
5648.480,82.1995,83.7161,
5650.408,82.2239,83.8469,
5652.337,82.2666,83.9748,
5654.265,82.3281,84.0965,
5656.194,82.4081,84.2085,
5658.122,82.5052,84.3075,
5660.050,82.6171,84.3914,
5661.979,82.7404,84.4593,
5663.907,82.8719,84.5115,
5665.836,83.0075,84.5487,
5667.764,83.1432,84.5715,
5669.693,83.2752,84.5794,
5671.621,83.4002,84.5717,
5673.550,83.5157,84.5467,
5675.478,83.6205,84.5037,
5677.407,83.7137,84.4424,
5679.335,83.7946,84.3644,
5681.264,83.8624,84.2722,
5683.192,83.9159,84.1697,
5685.121,83.9548,84.0607,
5687.049,83.9789,83.9485,
5688.977,83.9881,83.835,
5690.906,83.9821,83.7216,
5692.834,83.9601,83.6091,
5694.763,83.9206,83.4991,
5696.691,83.8625,83.3938,
5698.620,83.7864,83.2957,
5700.548,83.6943,83.2068,
5702.477,83.5901,83.1273,
5704.405,83.4779,83.056,
5706.334,83.3616,82.9912,
5708.262,83.2443,82.932,
5710.191,83.128,82.8791,
5712.119,83.0145,82.8343,
5714.048,82.9055,82.7999,
5715.976,82.8028,82.7773,
5717.904,82.7078,82.7663,
5719.833,82.6211,82.7657,
5721.761,82.5427,82.7735,
5723.690,82.4721,82.7881,
5725.618,82.4089,82.8086,
5727.547,82.353,82.8339,
5729.475,82.3049,82.8627,
5731.404,82.2654,82.8923,
5733.332,82.2348,82.9198,
5735.261,82.2133,82.9422,
5737.189,82.2003,82.9578,
5739.118,82.1952,82.9672,
5741.046,82.1975,82.9724,
5742.975,82.2069,82.9765,
5744.903,82.2232,82.9825,
5746.831,82.246,82.9923,
5748.760,82.2737,83.007,
5750.688,82.304,83.0274,
5752.617,82.3336,83.055,
5754.545,82.3595,83.0919,
5756.474,82.3794,83.1408,
5758.402,82.3928,83.2038,
5760.331,82.4008,83.2818,
5762.259,82.4059,83.3738,
5764.188,82.411,83.4777,
5766.116,82.4188,83.5903,
5768.045,82.4315,83.7091,
5769.973,82.4506,83.8321,
5771.902,82.4778,83.958,
5773.830,82.5146,84.0858,
5775.758,82.5626,84.2145,
5777.687,82.6232,84.3425,
5779.615,82.6973,84.4678,
5781.544,82.7848,84.5889,
5783.472,82.8847,84.7049,
5785.401,82.9948,84.8164,
5787.329,83.1124,84.9246,
5789.258,83.2345,85.0308,
5791.186,83.3588,85.1355,
5793.115,83.4835,85.2384,
5795.043,83.6079,85.3384,
5796.972,83.7316,85.4347,
5798.900,83.854,85.5269,
5800.829,83.9742,85.6158,
5802.757,84.0908,85.702,
5804.685,84.203,85.7862,
5806.614,84.3109,85.8674,
5808.542,84.4151,85.9441,
5810.471,84.5165,86.0145,
5812.399,84.6153,86.0777,
5814.328,84.7114,86.1344,
5816.256,84.8043,86.1864,
5818.185,84.8944,86.2359,
5820.113,84.9823,86.2839,
5822.042,85.069,86.3301,
5823.970,85.1543,86.3733,
5825.899,85.2367,86.4121,
5827.827,85.314,86.4465,
5829.756,85.3844,86.4776,
5831.684,85.4476,86.5075,
5833.613,85.5048,86.5377,
5835.541,85.5578,86.5686,
5837.469,85.6075,86.5996,
5839.398,85.654,86.6297,
5841.326,85.6964,86.6587,
5843.255,85.7344,86.6872,
5845.183,85.7688,86.7163,
5847.112,85.8012,86.747,
5849.040,85.8332,86.7793,
5850.969,85.8656,86.8127,
5852.897,85.8977,86.846,
5854.826,85.9284,86.8786,
5856.754,85.9567,86.9104,
5858.683,85.9826,86.9415,
5860.611,86.0069,86.9723,
5862.540,86.0311,87.0029,
5864.468,86.0565,87.0332,
5866.396,86.0837,87.0632,
5868.325,86.1131,87.0929,
5870.253,86.1443,87.1225,
5872.182,86.1771,87.1514,
5874.110,86.2111,87.1792,
5876.039,86.2459,87.205,
5877.967,86.2811,87.2283,
5879.896,86.3162,87.249,
5881.824,86.3505,87.2677,
5883.753,86.3835,87.2852,
5885.681,86.4151,87.302,
5887.610,86.4452,87.3182,
5889.538,86.4741,87.3335,
5891.467,86.5015,87.3472,
5893.395,86.5267,87.3586,
5895.323,86.549,87.3677,
5897.252,86.5678,87.3752,
5899.180,86.5835,87.3823,
5901.109,86.5975,87.3901,
5903.037,86.6118,87.3993,
5904.966,86.6277,87.4095,
5906.894,86.645,87.4193,
5908.823,86.6622,87.4273,
5910.751,86.6771,87.433,
5912.680,86.688,87.4368,
5914.608,86.6945,87.4402,
5916.537,86.6979,87.445,
5918.465,86.7006,87.4525,
5920.394,86.7048,87.463,
5922.322,86.7121,87.4762,
5924.250,86.7224,87.491,
5926.179,86.7343,87.5065,
5928.107,86.7457,87.5215,
5930.036,86.755,87.5351,
5931.964,86.7618,87.5471,
5933.893,86.767,87.5577,
5935.821,86.7723,87.5676,
5937.750,86.7791,87.5782,
5939.678,86.7881,87.5904,
5941.607,86.7989,87.6042,
5943.535,86.8108,87.6187,
5945.464,86.8229,87.6323,
5947.392,86.8346,87.6437,
5949.321,86.8458,87.652,
5951.249,86.8565,87.6572,
5953.177,86.8669,87.66,
5955.106,86.877,87.6614,
5957.034,86.8875,87.6625,
5958.963,86.8986,87.6646,
5960.891,86.9107,87.6685,
5962.820,86.9237,87.6743,
5964.748,86.9372,87.6813,
5966.677,86.9506,87.6874,
5968.605,86.9634,87.6902,
5970.534,86.9753,87.6882,
5972.462,86.9858,87.6818,
5974.391,86.9944,87.6735,
5976.319,87.001,87.6669,
5978.248,87.0059,87.665,
5980.176,87.0098,87.6684,
5982.104,87.0134,87.6751,
5984.033,87.0163,87.6819,
5985.961,87.0173,87.6866,
5987.890,87.015,87.689,
5989.818,87.0085,87.691,
5991.747,86.9989,87.6952,
5993.675,86.9892,87.7026,
5995.604,86.9826,87.7124,
5997.532,86.9813,87.7223,
5999.461,86.9851,87.7305,
6001.389,86.9917,87.7365,
6003.318,86.9979,87.7416,
6005.246,87.0021,87.7477,
6007.175,87.0039,87.7557,
6009.103,87.0048,87.7655,
6011.031,87.0061,87.776,
6012.960,87.0087,87.7858,
6014.888,87.0123,87.7945,
6016.817,87.0167,87.8023,
6018.745,87.022,87.8097,
6020.674,87.0291,87.8165,
6022.602,87.0384,87.822,
6024.531,87.0493,87.8251,
6026.459,87.0604,87.8252,
6028.388,87.0697,87.8222,
6030.316,87.0768,87.8172,
6032.245,87.0824,87.8116,
6034.173,87.0889,87.8066,
6036.102,87.0979,87.8031,
6038.030,87.1094,87.8008,
6039.958,87.1211,87.7989,
6041.887,87.1299,87.7967,
6043.815,87.1336,87.7938,
6045.744,87.1322,87.7908,
6047.672,87.1277,87.7887,
6049.601,87.123,87.789,
6051.529,87.1203,87.7922,
6053.458,87.1197,87.7978,
6055.386,87.12,87.8047,
6057.315,87.1193,87.8113,
6059.243,87.1164,87.8171,
6061.172,87.1114,87.8223,
6063.100,87.1052,87.8281,
6065.029,87.0995,87.8358,
6066.957,87.0953,87.8455,
6068.885,87.0935,87.8567,
6070.814,87.0942,87.868,
6072.742,87.0971,87.878,
6074.671,87.1017,87.8863,
6076.599,87.1073,87.8932,
6078.528,87.1132,87.8993,
6080.456,87.1193,87.9053,
6082.385,87.1259,87.9109,
6084.313,87.1339,87.9156,
6086.242,87.1437,87.919,
6088.170,87.1553,87.9211,
6090.099,87.1672,87.9225,
6092.027,87.1776,87.9235,
6093.956,87.1848,87.9241,
6095.884,87.1887,87.9235,
6097.812,87.1906,87.921,
6099.741,87.1928,87.9159,
6101.669,87.1973,87.909,
6103.598,87.2046,87.9014,
6105.526,87.2133,87.894,
6107.455,87.2214,87.8869,
6109.383,87.2269,87.8792,
6111.312,87.229,87.8703,
6113.240,87.2282,87.8599,
6115.169,87.2254,87.8492,
6117.097,87.2214,87.84,
6119.026,87.2163,87.8336,
6120.954,87.2103,87.8305,
6122.883,87.2034,87.8299,
6124.811,87.1958,87.8306,
6126.739,87.1878,87.8317,
6128.668,87.179,87.8333,
6130.596,87.1692,87.8362,
6132.525,87.1585,87.8408,
6134.453,87.1475,87.8475,
6136.382,87.1376,87.8557,
6138.310,87.13,87.8644,
6140.239,87.1253,87.8726,
6142.167,87.1233,87.8796,
6144.096,87.123,87.8852,
6146.024,87.1236,87.89,
6147.953,87.1247,87.8946,
6149.881,87.1263,87.8999,
6151.810,87.1285,87.9058,
6153.738,87.1315,87.9118,
6155.666,87.1355,87.9167,
6157.595,87.1405,87.9189,
6159.523,87.1466,87.9178,
6161.452,87.1534,87.9136,
6163.380,87.1603,87.9077,
6165.309,87.1661,87.9021,
6167.237,87.1704,87.8983,
6169.166,87.1737,87.8972,
6171.094,87.1773,87.8983,
6173.023,87.1824,87.9,
6174.951,87.1892,87.9006,
6176.880,87.1962,87.8987,
6178.808,87.201,87.8938,
6180.737,87.2016,87.8863,
6182.665,87.1978,87.8773,
6184.593,87.1913,87.8682,
6186.522,87.1846,87.8603,
6188.450,87.1796,87.8548,
6190.379,87.1767,87.8523,
6192.307,87.1748,87.8529,
6194.236,87.172,87.8556,
6196.164,87.1674,87.8589,
6198.093,87.161,87.8615,
6200.021,87.1537,87.8629,
6201.950,87.1466,87.8634,
6203.878,87.1399,87.8641,
6205.807,87.1337,87.8658,
6207.735,87.128,87.8687,
6209.664,87.1228,87.8727,
6211.592,87.1187,87.8774,
6213.520,87.1159,87.8831,
6215.449,87.1142,87.8901,
6217.377,87.1133,87.8982,
6219.306,87.1129,87.9065,
6221.234,87.113,87.9134,
6223.163,87.1144,87.9179,
6225.091,87.1174,87.9199,
6227.020,87.1215,87.9203,
6228.948,87.1259,87.9205,
6230.877,87.1295,87.921,
6232.805,87.1323,87.9214,
6234.734,87.1351,87.9202,
6236.662,87.1392,87.9166,
6238.591,87.1455,87.9108,
6240.519,87.1541,87.9043,
6242.447,87.1637,87.8988,
6244.376,87.1729,87.8954,
6246.304,87.18,87.8939,
6248.233,87.1844,87.893,
6250.161,87.1856,87.8912,
6252.090,87.1841,87.888,
6254.018,87.1804,87.8836,
6255.947,87.1748,87.8793,
6257.875,87.1679,87.8766,
6259.804,87.1599,87.8758,
6261.732,87.1515,87.8766,
6263.661,87.1436,87.8773,
6265.589,87.1372,87.8764,
6267.518,87.1331,87.8734,
6269.446,87.1309,87.8694,
6271.374,87.1293,87.8665,
6273.303,87.1264,87.8669,
6275.231,87.121,87.8712,
6277.160,87.1135,87.8784,
6279.088,87.1056,87.8864,
6281.017,87.0991,87.8937,
6282.945,87.0952,87.9003,
6284.874,87.0929,87.9078,
6286.802,87.0906,87.9174,
6288.731,87.0872,87.9286,
6290.659,87.0834,87.9391,
6292.588,87.0816,87.946,
6294.516,87.0845,87.9479,
6296.445,87.0934,87.9457,
6298.373,87.1072,87.9424,
6300.302,87.1225,87.9406,
6302.230,87.1361,87.9411,
6304.158,87.1457,87.9425,
6306.087,87.1515,87.9424,
6308.015,87.1552,87.9395,
6309.944,87.1592,87.9344,
6311.872,87.1646,87.9291,
6313.801,87.1713,87.9251,
6315.729,87.1776,87.9222,
6317.658,87.1816,87.9179,
6319.586,87.1819,87.9095,
6321.515,87.1784,87.8953,
6323.443,87.1721,87.8767,
6325.372,87.1649,87.8569,
6327.300,87.1586,87.8402,
6329.229,87.1539,87.829,
6331.157,87.1498,87.8236,
6333.085,87.1445,87.8217,
6335.014,87.1358,87.8202,
6336.942,87.1227,87.8175,
6338.871,87.1063,87.8135,
6340.799,87.0896,87.8105,
6342.728,87.0759,87.8107,
6344.656,87.0671,87.8153,
6346.585,87.0631,87.8236,
6348.513,87.0615,87.833,
6350.442,87.0596,87.8415,
6352.370,87.0552,87.848,
6354.299,87.0484,87.8535,
6356.227,87.0408,87.8593,
6358.156,87.0345,87.8662,
6360.084,87.0312,87.873,
6362.012,87.0312,87.878,
6363.941,87.0336,87.8795,
6365.869,87.0365,87.8775,
6367.798,87.0384,87.8737,
6369.726,87.0389,87.8707,
6371.655,87.0386,87.8698,
6373.583,87.0394,87.8711,
6375.512,87.0432,87.8736,
6377.440,87.0508,87.8757,
6379.369,87.0614,87.8769,
6381.297,87.0724,87.8769,
6383.226,87.0809,87.8756,
6385.154,87.0852,87.8728,
6387.083,87.0855,87.8687,
6389.011,87.0837,87.8638,
6390.939,87.0816,87.8593,
6392.868,87.0804,87.856,
6394.796,87.0797,87.8536,
6396.725,87.0786,87.8504,
6398.653,87.0761,87.8443,
6400.582,87.0722,87.8343,
6402.510,87.0674,87.8216,
6404.439,87.0617,87.809,
6406.367,87.0549,87.7995,
6408.296,87.0468,87.7944,
6410.224,87.0379,87.7928,
6412.153,87.0296,87.7925,
6414.081,87.0234,87.7914,
6416.010,87.0197,87.789,
6417.938,87.0176,87.7864,
6419.866,87.015,87.7854,
6421.795,87.01,87.7874,
6423.723,87.0026,87.7931,
6425.652,86.9944,87.8016,
6427.580,86.9877,87.8116,
6429.509,86.9845,87.8221,
6431.437,86.9854,87.8321,
6433.366,86.9892,87.8413,
6435.294,86.9939,87.8497,
6437.223,86.9978,87.8574,
6439.151,86.9997,87.8642,
6441.080,87.0001,87.8697,
6443.008,87.0005,87.8741,
6444.937,87.0029,87.8772,
6446.865,87.0089,87.8793,
6448.793,87.0182,87.8803,
6450.722,87.0291,87.8798,
6452.650,87.0387,87.8773,
6454.579,87.0449,87.8724,
6456.507,87.0474,87.8652,
6458.436,87.048,87.8558,
6460.364,87.0494,87.8447,
6462.293,87.0531,87.8325,
6464.221,87.0589,87.8198,
6466.150,87.0644,87.8078,
6468.078,87.0671,87.7976,
6470.007,87.0657,87.7896,
6471.935,87.0606,87.7838,
6473.864,87.0533,87.7791,
6475.792,87.0456,87.7745,
6477.720,87.0381,87.7694,
6479.649,87.031,87.7645,
6481.577,87.0241,87.7605,
6483.506,87.0171,87.7579,
6485.434,87.0103,87.7566,
6487.363,87.0035,87.7559,
6489.291,86.9959,87.7556,
6491.220,86.9869,87.7567,
6493.148,86.9762,87.7605,
6495.077,86.9648,87.7681,
6497.005,86.9545,87.7786,
6498.934,86.9472,87.7897,
6500.862,86.9432,87.7982,
6502.791,86.9413,87.8018,
6504.719,86.9393,87.8001,
6506.647,86.9358,87.7951,
6508.576,86.9312,87.7902,
6510.504,86.9282,87.7881,
6512.433,86.9296,87.7902,
6514.361,86.9373,87.7958,
6516.290,86.9502,87.8026,
6518.218,86.9653,87.8084,
6520.147,86.9786,87.8116,
6522.075,86.9871,87.8114,
6524.004,86.9898,87.808,
6525.932,86.9877,87.8019,
6527.861,86.9826,87.7936,
6529.789,86.9765,87.7836,
6531.718,86.971,87.7729,
6533.646,86.9665,87.7623,
6535.574,86.9625,87.7527,
6537.503,86.9586,87.744,
6539.431,86.9544,87.7359,
6541.360,86.9502,87.7272,
6543.288,86.9466,87.7175,
6545.217,86.944,87.7073,
6547.145,86.9419,87.6977,
6549.074,86.9392,87.6904,
6551.002,86.9348,87.6864,
6552.931,86.9291,87.6853,
6554.859,86.9233,87.6856,
6556.788,86.9185,87.6857,
6558.716,86.9149,87.6845,
6560.645,86.9102,87.6823,
6562.573,86.9018,87.6804,
6564.501,86.8885,87.6801,
6566.430,86.8722,87.6821,
6568.358,86.8574,87.686,
6570.287,86.8486,87.6907,
6572.215,86.8473,87.6956,
6574.144,86.8514,87.7006,
6576.072,86.856,87.7059,
6578.001,86.8571,87.7112,
6579.929,86.8534,87.7156,
6581.858,86.8472,87.7174,
6583.786,86.8421,87.7155,
6585.715,86.8407,87.7098,
6587.643,86.8427,87.7014,
6589.572,86.8463,87.6925,
6591.500,86.8493,87.6847,
6593.428,86.8509,87.6787,
6595.357,86.8521,87.6743,
6597.285,86.8538,87.6699,
6599.214,86.8559,87.6638,
6601.142,86.8569,87.6543,
6603.071,86.8551,87.6408,
6604.999,86.8498,87.6244,
6606.928,86.8423,87.6082,
6608.856,86.8348,87.5955,
6610.785,86.8288,87.5881,
6612.713,86.8237,87.585,
6614.642,86.818,87.5825,
6616.570,86.81,87.5764,
6618.499,86.7998,87.5643,
6620.427,86.7889,87.5474,
6622.355,86.779,87.5295,
6624.284,86.7707,87.5149,
6626.212,86.7627,87.5062,
6628.141,86.753,87.5033,
6630.069,86.7402,87.5045,
6631.998,86.7243,87.5076,
6633.926,86.7068,87.5108,
6635.855,86.6895,87.513,
6637.783,86.6739,87.5133,
6639.712,86.6614,87.5113,
6641.640,86.6531,87.5073,
6643.569,86.6498,87.5028,
6645.497,86.6513,87.4994,
6647.426,86.6563,87.4981,
6649.354,86.6618,87.4981,
6651.282,86.6648,87.4972,
6653.211,86.6629,87.4932,
6655.139,86.6556,87.485,
6657.068,86.6438,87.4734,
6658.996,86.6295,87.4598,
6660.925,86.615,87.4443,
6662.853,86.6027,87.4251,
6664.782,86.5949,87.3993,
6666.710,86.5927,87.3656,
6668.639,86.5958,87.3254,
6670.567,86.6018,87.2834,
6672.496,86.6068,87.2449,
6674.424,86.607,87.2128,
6676.353,86.6001,87.1862,
6678.281,86.5859,87.1609,
6680.209,86.5653,87.1315,
6682.138,86.5398,87.0946,
6684.066,86.5102,87.0504,
6685.995,86.4773,87.0021,
6687.923,86.4423,86.9538,
6689.852,86.4074,86.9087,
6691.780,86.3752,86.8682,
6693.709,86.3469,86.8321,
6695.637,86.3221,86.8003,
6697.566,86.2981,86.7738,
6699.494,86.2715,86.7541,
6701.423,86.2396,86.7426,
6703.351,86.2015,86.7397,
6705.280,86.158,86.7445,
6707.208,86.1111,86.7551,
6709.136,86.0638,86.7699,
6711.065,86.0189,86.7878,
6712.993,85.9791,86.8086,
6714.922,85.9467,86.8323,
6716.850,85.9228,86.8584,
6718.779,85.9076,86.886,
6720.707,85.9003,86.9133,
6722.636,85.9003,86.9392,
6724.564,85.9067,86.9633,
6726.493,85.9186,86.9861,
6728.421,85.934,87.0087,
6730.350,85.9505,87.0318,
6732.278,85.9654,87.055,
6734.207,85.978,87.0768,
6736.135,85.99,87.096,
6738.063,86.005,87.1125,
6739.992,86.0265,87.1278,
6741.920,86.0551,87.1446,
6743.849,86.0885,87.1644,
6745.777,86.1218,87.1873,
6747.706,86.1502,87.2111,
6749.634,86.1714,87.2333,
6751.563,86.1864,87.2526,
6753.491,86.1986,87.2691,
6755.420,86.2119,87.2839,
6757.348,86.2291,87.2977,
6759.277,86.2503,87.3098,
6761.205,86.2734,87.3193,
6763.134,86.2951,87.3254,
6765.062,86.3124,87.3295,
6766.991,86.3245,87.3338,
6768.919,86.3334,87.3407,
6770.847,86.343,87.351,
6772.776,86.357,87.3642,
6774.704,86.3766,87.3792,
6776.633,86.399,87.3951,
6778.561,86.4189,87.4115,
6780.490,86.4313,87.4278,
6782.418,86.4345,87.4431,
6784.347,86.4322,87.4562,
6786.275,86.4304,87.4663,
6788.204,86.4351,87.4744,
6790.132,86.448,87.4825,
6792.061,86.466,87.4923,
6793.989,86.4833,87.5042,
6795.918,86.4946,87.5165,
6797.846,86.498,87.5266,
6799.774,86.496,87.5323,
6801.703,86.4938,87.5338,
6803.631,86.4972,87.5331,
6805.560,86.5095,87.5329,
6807.488,86.5306,87.5352,
6809.417,86.5569,87.5398,
6811.345,86.5831,87.5452,
6813.274,86.6048,87.549,
6815.202,86.6199,87.5499,
6817.131,86.6292,87.5472,
6819.059,86.6352,87.5408,
6820.988,86.6401,87.5307,
6822.916,86.6441,87.5167,
6824.845,86.6459,87.4993,
6826.773,86.6437,87.4808,
6828.701,86.6372,87.4648,
6830.630,86.6281,87.4552,
6832.558,86.6196,87.4538,
6834.487,86.6136,87.4597,
6836.415,86.6098,87.4691,
6838.344,86.6056,87.4782,
6840.272,86.5978,87.4852,
6842.201,86.5853,87.4905,
6844.129,86.5695,87.4959,
6846.058,86.5541,87.5022,
6847.986,86.5431,87.5084,
6849.915,86.5385,87.513,
6851.843,86.5393,87.5158,
6853.772,86.5424,87.5186,
6855.700,86.5447,87.5247,
6857.628,86.5446,87.5357,
6859.557,86.5436,87.5495,
6861.485,86.5451,87.5611,
6863.414,86.552,87.5656,
6865.342,86.5649,87.562,
6867.271,86.581,87.5547,
6869.199,86.5954,87.5512,
6871.128,86.6039,87.5571,
6873.056,86.6056,87.5726,
6874.985,86.6027,87.5912,
6876.913,86.5993,87.6039,
6878.842,86.5978,87.6038,
6880.770,86.5975,87.59,
6882.699,86.5953,87.5676,
6884.627,86.5885,87.5444,
6886.555,86.5778,87.5266,
6888.484,86.5683,87.5161,
6890.412,86.5665,87.5106,
6892.341,86.5765,87.5057,
6894.269,86.5967,87.4981,
6896.198,86.6201,87.487,
6898.126,86.6377,87.4735,
6900.055,86.6431,87.46,
6901.983,86.6351,87.4483,
6903.912,86.6179,87.4394,
6905.840,86.5969,87.4334,
6907.769,86.5757,87.4299,
6909.697,86.5548,87.4281,
6911.626,86.5328,87.4269,
6913.554,86.5096,87.4257,
6915.482,86.4884,87.4249,
6917.411,86.4747,87.4263,
6919.339,86.4728,87.4324,
6921.268,86.4822,87.4447,
6923.196,86.4972,87.4621,
6925.125,86.5085,87.4807,
6927.053,86.5089,87.4959,
6928.982,86.4963,87.5055,
6930.910,86.4752,87.5109,
6932.839,86.454,87.5166,
6934.767,86.4408,87.5266,
6936.696,86.4397,87.5411,
6938.624,86.45,87.5555,
6940.553,86.4679,87.5633,
6942.481,86.4888,87.5604,
6944.409,86.5094,87.5481,
6946.338,86.5283,87.532,
6948.266,86.5451,87.5186,
6950.195,86.5595,87.5113,
6952.123,86.5711,87.5089,
6954.052,86.5789,87.5073,
6955.980,86.5819,87.5025,
6957.909,86.5793,87.4936,
6959.837,86.5715,87.4822,
6961.766,86.5599,87.4713,
6963.694,86.5471,87.4637,
6965.623,86.5357,87.4603,
6967.551,86.5266,87.4598,
6969.480,86.519,87.4597,
6971.408,86.5103,87.4565,
6973.336,86.4984,87.4478,
6975.265,86.4831,87.4334,
6977.193,86.467,87.4161,
6979.122,86.4546,87.4005,
6981.050,86.4494,87.3908,
6982.979,86.4523,87.3886,
6984.907,86.4607,87.3923,
6986.836,86.4691,87.3981,
6988.764,86.472,87.4027,
6990.693,86.4663,87.405,
6992.621,86.4522,87.406,
6994.550,86.4327,87.408,
6996.478,86.4115,87.4129,
6998.407,86.3913,87.4219,
7000.335,86.3731,87.4355,
